
{ "head": { "link": [], "vars": ["University", "State", "Max"] },
  "results": { "distinct": false, "ordered": true, "bindings": [
    { "University": { "type": "uri", "value": "http://dbpedia.org/resource/San_Diego_Community_College_District" }	, "State": { "type": "uri", "value": "http://dbpedia.org/resource/California" }	, "Max": { "type": "typed-literal", "datatype": "http://www.w3.org/2001/XMLSchema#nonNegativeInteger", "value": "74126" }},
    { "University": { "type": "uri", "value": "http://dbpedia.org/resource/Ohio_State_University,_Lima_Campus" }	, "State": { "type": "uri", "value": "http://dbpedia.org/resource/Ohio" }	, "Max": { "type": "typed-literal", "datatype": "http://www.w3.org/2001/XMLSchema#nonNegativeInteger", "value": "44307" }},
    { "University": { "type": "uri", "value": "http://dbpedia.org/resource/Ohio_State_University,_Mansfield_Campus" }	, "State": { "type": "uri", "value": "http://dbpedia.org/resource/Ohio" }	, "Max": { "type": "typed-literal", "datatype": "http://www.w3.org/2001/XMLSchema#nonNegativeInteger", "value": "44307" }},
    { "University": { "type": "uri", "value": "http://dbpedia.org/resource/Ohio_State_University,_Marion_Campus" }	, "State": { "type": "uri", "value": "http://dbpedia.org/resource/Ohio" }	, "Max": { "type": "typed-literal", "datatype": "http://www.w3.org/2001/XMLSchema#nonNegativeInteger", "value": "44307" }},
    { "University": { "type": "uri", "value": "http://dbpedia.org/resource/Michigan_State_University" }	, "State": { "type": "uri", "value": "http://dbpedia.org/resource/Michigan" }	, "Max": { "type": "typed-literal", "datatype": "http://www.w3.org/2001/XMLSchema#nonNegativeInteger", "value": "39143" }},
    { "University": { "type": "uri", "value": "http://dbpedia.org/resource/Brigham_Young_University" }	, "State": { "type": "uri", "value": "http://dbpedia.org/resource/Utah" }	, "Max": { "type": "typed-literal", "datatype": "http://www.w3.org/2001/XMLSchema#nonNegativeInteger", "value": "30395" }},
    { "University": { "type": "uri", "value": "http://dbpedia.org/resource/Colorado_Technical_University" }	, "State": { "type": "uri", "value": "http://dbpedia.org/resource/Colorado" }	, "Max": { "type": "typed-literal", "datatype": "http://www.w3.org/2001/XMLSchema#nonNegativeInteger", "value": "23094" }},
    { "University": { "type": "uri", "value": "http://dbpedia.org/resource/Virginia_Tech_Corps_of_Cadets" }	, "State": { "type": "uri", "value": "http://dbpedia.org/resource/Virginia" }	, "Max": { "type": "typed-literal", "datatype": "http://www.w3.org/2001/XMLSchema#nonNegativeInteger", "value": "23041" }},
    { "University": { "type": "uri", "value": "http://dbpedia.org/resource/Harrisburg_Area_Community_College" }	, "State": { "type": "uri", "value": "http://dbpedia.org/resource/Pennsylvania" }	, "Max": { "type": "typed-literal", "datatype": "http://www.w3.org/2001/XMLSchema#nonNegativeInteger", "value": "21000" }},
    { "University": { "type": "uri", "value": "http://dbpedia.org/resource/University_of_Nebraska\u2013Lincoln" }	, "State": { "type": "uri", "value": "http://dbpedia.org/resource/Nebraska" }	, "Max": { "type": "typed-literal", "datatype": "http://www.w3.org/2001/XMLSchema#nonNegativeInteger", "value": "20182" }},
    { "University": { "type": "uri", "value": "http://dbpedia.org/resource/Nassau_Community_College" }	, "State": { "type": "uri", "value": "http://dbpedia.org/resource/New_York_(state)" }	, "Max": { "type": "typed-literal", "datatype": "http://www.w3.org/2001/XMLSchema#nonNegativeInteger", "value": "20000" }},
    { "University": { "type": "uri", "value": "http://dbpedia.org/resource/University_of_Iowa_College_of_Liberal_Arts_and_Sciences" }	, "State": { "type": "uri", "value": "http://dbpedia.org/resource/Iowa" }	, "Max": { "type": "typed-literal", "datatype": "http://www.w3.org/2001/XMLSchema#nonNegativeInteger", "value": "16000" }},
    { "University": { "type": "uri", "value": "http://dbpedia.org/resource/Presidents_of_Montclair_State_University" }	, "State": { "type": "uri", "value": "http://dbpedia.org/resource/New_Jersey" }	, "Max": { "type": "typed-literal", "datatype": "http://www.w3.org/2001/XMLSchema#nonNegativeInteger", "value": "15885" }},
    { "University": { "type": "uri", "value": "http://dbpedia.org/resource/Eastern_Kentucky_University" }	, "State": { "type": "uri", "value": "http://dbpedia.org/resource/Kentucky" }	, "Max": { "type": "typed-literal", "datatype": "http://www.w3.org/2001/XMLSchema#nonNegativeInteger", "value": "14293" }},
    { "University": { "type": "uri", "value": "http://dbpedia.org/resource/Baylor_University" }	, "State": { "type": "uri", "value": "http://dbpedia.org/resource/Texas" }	, "Max": { "type": "typed-literal", "datatype": "http://www.w3.org/2001/XMLSchema#nonNegativeInteger", "value": "14189" }},
    { "University": { "type": "uri", "value": "http://dbpedia.org/resource/University_of_Maryland,_Baltimore_County" }	, "State": { "type": "uri", "value": "http://dbpedia.org/resource/Maryland" }	, "Max": { "type": "typed-literal", "datatype": "http://www.w3.org/2001/XMLSchema#nonNegativeInteger", "value": "11243" }},
    { "University": { "type": "uri", "value": "http://dbpedia.org/resource/Bridgewater_State_University" }	, "State": { "type": "uri", "value": "http://dbpedia.org/resource/Massachusetts" }	, "Max": { "type": "typed-literal", "datatype": "http://www.w3.org/2001/XMLSchema#nonNegativeInteger", "value": "9628" }},
    { "University": { "type": "uri", "value": "http://dbpedia.org/resource/Indiana_Institute_of_Technology" }	, "State": { "type": "uri", "value": "http://dbpedia.org/resource/Indiana" }	, "Max": { "type": "typed-literal", "datatype": "http://www.w3.org/2001/XMLSchema#nonNegativeInteger", "value": "8848" }},
    { "University": { "type": "uri", "value": "http://dbpedia.org/resource/Marquette_University" }	, "State": { "type": "uri", "value": "http://dbpedia.org/resource/Wisconsin" }	, "Max": { "type": "typed-literal", "datatype": "http://www.w3.org/2001/XMLSchema#nonNegativeInteger", "value": "8387" }},
    { "University": { "type": "uri", "value": "http://dbpedia.org/resource/Tri-County_Technical_College" }	, "State": { "type": "uri", "value": "http://dbpedia.org/resource/South_Carolina" }	, "Max": { "type": "typed-literal", "datatype": "http://www.w3.org/2001/XMLSchema#nonNegativeInteger", "value": "6941" }},
    { "University": { "type": "uri", "value": "http://dbpedia.org/resource/Black_Hawk_College" }	, "State": { "type": "uri", "value": "http://dbpedia.org/resource/Illinois" }	, "Max": { "type": "typed-literal", "datatype": "http://www.w3.org/2001/XMLSchema#nonNegativeInteger", "value": "6400" }},
    { "University": { "type": "uri", "value": "http://dbpedia.org/resource/North_Idaho_College" }	, "State": { "type": "uri", "value": "http://dbpedia.org/resource/Idaho" }	, "Max": { "type": "typed-literal", "datatype": "http://www.w3.org/2001/XMLSchema#nonNegativeInteger", "value": "6300" }},
    { "University": { "type": "uri", "value": "http://dbpedia.org/resource/Georgia_College_&_State_University" }	, "State": { "type": "uri", "value": "http://dbpedia.org/resource/Georgia_(U.S._state)" }	, "Max": { "type": "typed-literal", "datatype": "http://www.w3.org/2001/XMLSchema#nonNegativeInteger", "value": "6047" }},
    { "University": { "type": "uri", "value": "http://dbpedia.org/resource/Universidad_del_Sagrado_Coraz\u00F3n" }	, "State": { "type": "uri", "value": "http://dbpedia.org/resource/Puerto_Rico" }	, "Max": { "type": "typed-literal", "datatype": "http://www.w3.org/2001/XMLSchema#nonNegativeInteger", "value": "4643" }},
    { "University": { "type": "uri", "value": "http://dbpedia.org/resource/Catawba_Valley_Community_College" }	, "State": { "type": "uri", "value": "http://dbpedia.org/resource/North_Carolina" }	, "Max": { "type": "typed-literal", "datatype": "http://www.w3.org/2001/XMLSchema#nonNegativeInteger", "value": "4500" }},
    { "University": { "type": "uri", "value": "http://dbpedia.org/resource/Eastern_Connecticut_State_University" }	, "State": { "type": "uri", "value": "http://dbpedia.org/resource/Connecticut" }	, "Max": { "type": "typed-literal", "datatype": "http://www.w3.org/2001/XMLSchema#nonNegativeInteger", "value": "4420" }},
    { "University": { "type": "uri", "value": "http://dbpedia.org/resource/West_Virginia_University_at_Parkersburg" }	, "State": { "type": "uri", "value": "http://dbpedia.org/resource/West_Virginia" }	, "Max": { "type": "typed-literal", "datatype": "http://www.w3.org/2001/XMLSchema#nonNegativeInteger", "value": "4292" }},
    { "University": { "type": "uri", "value": "http://dbpedia.org/resource/Alexandria_Technical_and_Community_College" }	, "State": { "type": "uri", "value": "http://dbpedia.org/resource/Minnesota" }	, "Max": { "type": "typed-literal", "datatype": "http://www.w3.org/2001/XMLSchema#nonNegativeInteger", "value": "4000" }},
    { "University": { "type": "uri", "value": "http://dbpedia.org/resource/Montana_State_University_Billings" }	, "State": { "type": "uri", "value": "http://dbpedia.org/resource/Montana" }	, "Max": { "type": "typed-literal", "datatype": "http://www.w3.org/2001/XMLSchema#nonNegativeInteger", "value": "3972" }},
    { "University": { "type": "uri", "value": "http://dbpedia.org/resource/Louisiana_State_University_of_Alexandria" }	, "State": { "type": "uri", "value": "http://dbpedia.org/resource/Louisiana" }	, "Max": { "type": "typed-literal", "datatype": "http://www.w3.org/2001/XMLSchema#nonNegativeInteger", "value": "3378" }},
    { "University": { "type": "uri", "value": "http://dbpedia.org/resource/Pacific_Lutheran_University" }	, "State": { "type": "uri", "value": "http://dbpedia.org/resource/Washington_(state)" }	, "Max": { "type": "typed-literal", "datatype": "http://www.w3.org/2001/XMLSchema#nonNegativeInteger", "value": "2800" }},
    { "University": { "type": "uri", "value": "http://dbpedia.org/resource/St._Thomas_University_(Florida)" }	, "State": { "type": "uri", "value": "http://dbpedia.org/resource/Florida" }	, "Max": { "type": "typed-literal", "datatype": "http://www.w3.org/2001/XMLSchema#nonNegativeInteger", "value": "2752" }},
    { "University": { "type": "uri", "value": "http://dbpedia.org/resource/Fulton\u2013Montgomery_Community_College" }	, "State": { "type": "uri", "value": "http://dbpedia.org/resource/New_York" }	, "Max": { "type": "typed-literal", "datatype": "http://www.w3.org/2001/XMLSchema#nonNegativeInteger", "value": "2700" }},
    { "University": { "type": "uri", "value": "http://dbpedia.org/resource/Tusculum_College" }	, "State": { "type": "uri", "value": "http://dbpedia.org/resource/Tennessee" }	, "Max": { "type": "typed-literal", "datatype": "http://www.w3.org/2001/XMLSchema#nonNegativeInteger", "value": "2446" }},
    { "University": { "type": "uri", "value": "http://dbpedia.org/resource/George_Fox_University" }	, "State": { "type": "uri", "value": "http://dbpedia.org/resource/Oregon" }	, "Max": { "type": "typed-literal", "datatype": "http://www.w3.org/2001/XMLSchema#nonNegativeInteger", "value": "2406" }},
    { "University": { "type": "uri", "value": "http://dbpedia.org/resource/Salve_Regina_University" }	, "State": { "type": "uri", "value": "http://dbpedia.org/resource/Rhode_Island" }	, "Max": { "type": "typed-literal", "datatype": "http://www.w3.org/2001/XMLSchema#nonNegativeInteger", "value": "2158" }},
    { "University": { "type": "uri", "value": "http://dbpedia.org/resource/Chaminade_University_of_Honolulu" }	, "State": { "type": "uri", "value": "http://dbpedia.org/resource/Hawaii" }	, "Max": { "type": "typed-literal", "datatype": "http://www.w3.org/2001/XMLSchema#nonNegativeInteger", "value": "2132" }},
    { "University": { "type": "uri", "value": "http://dbpedia.org/resource/Mount_Holyoke_College" }	, "State": { "type": "uri", "value": "http://dbpedia.org/resource/Western_Massachusetts" }	, "Max": { "type": "typed-literal", "datatype": "http://www.w3.org/2001/XMLSchema#nonNegativeInteger", "value": "2126" }},
    { "University": { "type": "uri", "value": "http://dbpedia.org/resource/Saint_Michael's_College" }	, "State": { "type": "uri", "value": "http://dbpedia.org/resource/Vermont" }	, "Max": { "type": "typed-literal", "datatype": "http://www.w3.org/2001/XMLSchema#nonNegativeInteger", "value": "1899" }},
    { "University": { "type": "uri", "value": "http://dbpedia.org/resource/Augustana_University" }	, "State": { "type": "uri", "value": "http://dbpedia.org/resource/South_Dakota" }	, "Max": { "type": "typed-literal", "datatype": "http://www.w3.org/2001/XMLSchema#nonNegativeInteger", "value": "1613" }},
    { "University": { "type": "uri", "value": "http://dbpedia.org/resource/New_Mexico_Institute_of_Mining_and_Technology" }	, "State": { "type": "uri", "value": "http://dbpedia.org/resource/New_Mexico" }	, "Max": { "type": "typed-literal", "datatype": "http://www.w3.org/2001/XMLSchema#nonNegativeInteger", "value": "1532" }},
    { "University": { "type": "uri", "value": "http://dbpedia.org/resource/Western_Oklahoma_State_College" }	, "State": { "type": "uri", "value": "http://dbpedia.org/resource/Oklahoma" }	, "Max": { "type": "typed-literal", "datatype": "http://www.w3.org/2001/XMLSchema#nonNegativeInteger", "value": "1500" }},
    { "University": { "type": "uri", "value": "http://dbpedia.org/resource/Spring_Hill_College" }	, "State": { "type": "uri", "value": "http://dbpedia.org/resource/Alabama" }	, "Max": { "type": "typed-literal", "datatype": "http://www.w3.org/2001/XMLSchema#nonNegativeInteger", "value": "1257" }},
    { "University": { "type": "uri", "value": "http://dbpedia.org/resource/New_England_College" }	, "State": { "type": "uri", "value": "http://dbpedia.org/resource/New_Hampshire" }	, "Max": { "type": "typed-literal", "datatype": "http://www.w3.org/2001/XMLSchema#nonNegativeInteger", "value": "1200" }},
    { "University": { "type": "uri", "value": "http://dbpedia.org/resource/Washington_University_School_of_Engineering_and_Applied_Science" }	, "State": { "type": "uri", "value": "http://dbpedia.org/resource/Missouri" }	, "Max": { "type": "typed-literal", "datatype": "http://www.w3.org/2001/XMLSchema#nonNegativeInteger", "value": "1062" }},
    { "University": { "type": "uri", "value": "http://dbpedia.org/resource/Maine_Maritime_Academy" }	, "State": { "type": "uri", "value": "http://dbpedia.org/resource/Maine" }	, "Max": { "type": "typed-literal", "datatype": "http://www.w3.org/2001/XMLSchema#nonNegativeInteger", "value": "937" }},
    { "University": { "type": "uri", "value": "http://dbpedia.org/resource/University_of_Advancing_Technology" }	, "State": { "type": "uri", "value": "http://dbpedia.org/resource/Arizona" }	, "Max": { "type": "typed-literal", "datatype": "http://www.w3.org/2001/XMLSchema#nonNegativeInteger", "value": "900" }},
    { "University": { "type": "uri", "value": "http://dbpedia.org/resource/Goldey\u2013Beacom_College" }	, "State": { "type": "uri", "value": "http://dbpedia.org/resource/Delaware" }	, "Max": { "type": "typed-literal", "datatype": "http://www.w3.org/2001/XMLSchema#nonNegativeInteger", "value": "633" }},
    { "University": { "type": "uri", "value": "http://dbpedia.org/resource/Sierra_Nevada_College" }	, "State": { "type": "uri", "value": "http://dbpedia.org/resource/Nevada" }	, "Max": { "type": "typed-literal", "datatype": "http://www.w3.org/2001/XMLSchema#nonNegativeInteger", "value": "540" }} ] } }