
{ "head": { "link": [], "vars": ["University"] },
  "results": { "distinct": false, "ordered": true, "bindings": [
    { "University": { "type": "uri", "value": "http://dbpedia.org/resource/Notre_Dame_of_Maryland_University" }},
    { "University": { "type": "uri", "value": "http://dbpedia.org/resource/University_of_Maryland_Eastern_Shore" }},
    { "University": { "type": "uri", "value": "http://dbpedia.org/resource/Coppin_State_University" }},
    { "University": { "type": "uri", "value": "http://dbpedia.org/resource/American_Career_Institute" }},
    { "University": { "type": "uri", "value": "http://dbpedia.org/resource/Frederick_Community_College" }},
    { "University": { "type": "uri", "value": "http://dbpedia.org/resource/Baltimore_City_Community_College" }},
    { "University": { "type": "uri", "value": "http://dbpedia.org/resource/Capitol_Technology_University" }},
    { "University": { "type": "uri", "value": "http://dbpedia.org/resource/College_of_Southern_Maryland" }},
    { "University": { "type": "uri", "value": "http://dbpedia.org/resource/Howard_Community_College" }},
    { "University": { "type": "uri", "value": "http://dbpedia.org/resource/Anne_Arundel_Community_College" }},
    { "University": { "type": "uri", "value": "http://dbpedia.org/resource/Harford_Community_College" }},
    { "University": { "type": "uri", "value": "http://dbpedia.org/resource/Seidel_School_of_Education_and_Professional_Studies" }},
    { "University": { "type": "uri", "value": "http://dbpedia.org/resource/University_of_Maryland_College_of_Information_Studies" }},
    { "University": { "type": "uri", "value": "http://dbpedia.org/resource/Universities_at_Shady_Grove" }},
    { "University": { "type": "uri", "value": "http://dbpedia.org/resource/Uniformed_Services_University_of_the_Health_Sciences" }},
    { "University": { "type": "uri", "value": "http://dbpedia.org/resource/Johns_Hopkins_University" }},
    { "University": { "type": "uri", "value": "http://dbpedia.org/resource/Morgan_State_University" }},
    { "University": { "type": "uri", "value": "http://dbpedia.org/resource/Towson_University" }},
    { "University": { "type": "uri", "value": "http://dbpedia.org/resource/United_States_Naval_Academy" }},
    { "University": { "type": "uri", "value": "http://dbpedia.org/resource/Whiting_School_of_Engineering" }},
    { "University": { "type": "uri", "value": "http://dbpedia.org/resource/Emergency_Management_Institute" }},
    { "University": { "type": "uri", "value": "http://dbpedia.org/resource/Johns_Hopkins_School_of_Medicine" }},
    { "University": { "type": "uri", "value": "http://dbpedia.org/resource/St._Mary's_Seminary_and_University" }},
    { "University": { "type": "uri", "value": "http://dbpedia.org/resource/National_Labor_College" }},
    { "University": { "type": "uri", "value": "http://dbpedia.org/resource/Mount_St._Mary's_University" }},
    { "University": { "type": "uri", "value": "http://dbpedia.org/resource/St._John's_College_(Annapolis/Santa_Fe)" }},
    { "University": { "type": "uri", "value": "http://dbpedia.org/resource/Maryland_Institute_College_of_Art" }},
    { "University": { "type": "uri", "value": "http://dbpedia.org/resource/McDaniel_College" }},
    { "University": { "type": "uri", "value": "http://dbpedia.org/resource/Robert_H._Smith_School_of_Business" }},
    { "University": { "type": "uri", "value": "http://dbpedia.org/resource/University_of_Maryland,_Baltimore_County" }},
    { "University": { "type": "uri", "value": "http://dbpedia.org/resource/Community_College_of_Baltimore_County" }},
    { "University": { "type": "uri", "value": "http://dbpedia.org/resource/Sojourner\u2013Douglass_College" }},
    { "University": { "type": "uri", "value": "http://dbpedia.org/resource/Montgomery_College" }},
    { "University": { "type": "uri", "value": "http://dbpedia.org/resource/University_of_Baltimore" }},
    { "University": { "type": "uri", "value": "http://dbpedia.org/resource/Loyola_University_Maryland" }},
    { "University": { "type": "uri", "value": "http://dbpedia.org/resource/Peabody_Institute" }},
    { "University": { "type": "uri", "value": "http://dbpedia.org/resource/University_of_Maryland_School_of_Architecture" }},
    { "University": { "type": "uri", "value": "http://dbpedia.org/resource/Chesapeake_College" }},
    { "University": { "type": "uri", "value": "http://dbpedia.org/resource/Washington_College" }},
    { "University": { "type": "uri", "value": "http://dbpedia.org/resource/Cecil_College" }},
    { "University": { "type": "uri", "value": "http://dbpedia.org/resource/Baltimore_Hebrew_University" }},
    { "University": { "type": "uri", "value": "http://dbpedia.org/resource/Johns_Hopkins_School_of_Nursing" }},
    { "University": { "type": "uri", "value": "http://dbpedia.org/resource/Norbert_Wiener_Center_for_Harmonic_Analysis_and_Applications" }},
    { "University": { "type": "uri", "value": "http://dbpedia.org/resource/Camp_Louise" }},
    { "University": { "type": "uri", "value": "http://dbpedia.org/resource/Romantic_Circles" }},
    { "University": { "type": "uri", "value": "http://dbpedia.org/resource/TESST_College_of_Technology" }},
    { "University": { "type": "uri", "value": "http://dbpedia.org/resource/Walter_Reed_Tropical_Medicine_Course" }},
    { "University": { "type": "uri", "value": "http://dbpedia.org/resource/Charlotte_Hall_Military_Academy" }},
    { "University": { "type": "uri", "value": "http://dbpedia.org/resource/Garrett_College" }},
    { "University": { "type": "uri", "value": "http://dbpedia.org/resource/Maryland_Institute_for_Technology_in_the_Humanities" }},
    { "University": { "type": "uri", "value": "http://dbpedia.org/resource/Henson_School_of_Science_and_Technology" }},
    { "University": { "type": "uri", "value": "http://dbpedia.org/resource/Robert_G._Merrick_School_of_Business" }},
    { "University": { "type": "uri", "value": "http://dbpedia.org/resource/Notre_Dame_of_Maryland_University" }},
    { "University": { "type": "uri", "value": "http://dbpedia.org/resource/Capitol_Technology_University" }},
    { "University": { "type": "uri", "value": "http://dbpedia.org/resource/Johns_Hopkins_University" }},
    { "University": { "type": "uri", "value": "http://dbpedia.org/resource/Mount_St._Mary's_University" }},
    { "University": { "type": "uri", "value": "http://dbpedia.org/resource/Maryland_Institute_College_of_Art" }},
    { "University": { "type": "uri", "value": "http://dbpedia.org/resource/Loyola_University_Maryland" }},
    { "University": { "type": "uri", "value": "http://dbpedia.org/resource/Charlotte_Hall_Military_Academy" }},
    { "University": { "type": "uri", "value": "http://dbpedia.org/resource/Coppin_State_University" }},
    { "University": { "type": "uri", "value": "http://dbpedia.org/resource/Baltimore_City_Community_College" }},
    { "University": { "type": "uri", "value": "http://dbpedia.org/resource/Anne_Arundel_Community_College" }},
    { "University": { "type": "uri", "value": "http://dbpedia.org/resource/Seidel_School_of_Education_and_Professional_Studies" }},
    { "University": { "type": "uri", "value": "http://dbpedia.org/resource/University_of_Maryland_College_of_Information_Studies" }},
    { "University": { "type": "uri", "value": "http://dbpedia.org/resource/Morgan_State_University" }},
    { "University": { "type": "uri", "value": "http://dbpedia.org/resource/Towson_University" }},
    { "University": { "type": "uri", "value": "http://dbpedia.org/resource/Robert_H._Smith_School_of_Business" }},
    { "University": { "type": "uri", "value": "http://dbpedia.org/resource/University_of_Maryland,_Baltimore_County" }},
    { "University": { "type": "uri", "value": "http://dbpedia.org/resource/University_of_Baltimore" }},
    { "University": { "type": "uri", "value": "http://dbpedia.org/resource/University_of_Maryland_School_of_Architecture" }},
    { "University": { "type": "uri", "value": "http://dbpedia.org/resource/University_of_Maryland_School_of_Law" }},
    { "University": { "type": "uri", "value": "http://dbpedia.org/resource/Garrett_College" }},
    { "University": { "type": "uri", "value": "http://dbpedia.org/resource/Henson_School_of_Science_and_Technology" }},
    { "University": { "type": "uri", "value": "http://dbpedia.org/resource/Robert_G._Merrick_School_of_Business" }} ] } }