
{ "head": { "link": [], "vars": ["St", "Cap", "LCity"] },
  "results": { "distinct": false, "ordered": true, "bindings": [
    { "St": { "type": "uri", "value": "http://dbpedia.org/resource/Alabama" }	, "Cap": { "type": "uri", "value": "http://dbpedia.org/resource/Montgomery,_Alabama" }	, "LCity": { "type": "uri", "value": "http://dbpedia.org/resource/Birmingham,_Alabama" }},
    { "St": { "type": "uri", "value": "http://dbpedia.org/resource/Alaska" }	, "Cap": { "type": "uri", "value": "http://dbpedia.org/resource/Juneau,_Alaska" }	, "LCity": { "type": "uri", "value": "http://dbpedia.org/resource/Anchorage,_Alaska" }},
    { "St": { "type": "uri", "value": "http://dbpedia.org/resource/Arizona" }	, "Cap": { "type": "uri", "value": "http://dbpedia.org/resource/Phoenix,_Arizona" }	, "LCity": { "type": "uri", "value": "http://dbpedia.org/resource/Phoenix,_Arizona" }},
    { "St": { "type": "uri", "value": "http://dbpedia.org/resource/Arkansas" }	, "Cap": { "type": "uri", "value": "http://dbpedia.org/resource/Little_Rock,_Arkansas" }	, "LCity": { "type": "uri", "value": "http://dbpedia.org/resource/Little_Rock,_Arkansas" }},
    { "St": { "type": "uri", "value": "http://dbpedia.org/resource/California" }	, "Cap": { "type": "uri", "value": "http://dbpedia.org/resource/Sacramento,_California" }	, "LCity": { "type": "uri", "value": "http://dbpedia.org/resource/Los_Angeles" }},
    { "St": { "type": "uri", "value": "http://dbpedia.org/resource/Illinois" }	, "Cap": { "type": "uri", "value": "http://dbpedia.org/resource/Springfield,_Illinois" }	, "LCity": { "type": "uri", "value": "http://dbpedia.org/resource/Chicago" }},
    { "St": { "type": "uri", "value": "http://dbpedia.org/resource/Iowa" }	, "Cap": { "type": "uri", "value": "http://dbpedia.org/resource/Des_Moines,_Iowa" }	, "LCity": { "type": "uri", "value": "http://dbpedia.org/resource/List_of_capitals_in_the_United_States" }},
    { "St": { "type": "uri", "value": "http://dbpedia.org/resource/Kentucky" }	, "Cap": { "type": "uri", "value": "http://dbpedia.org/resource/Frankfort,_Kentucky" }	, "LCity": { "type": "uri", "value": "http://dbpedia.org/resource/Louisville,_Kentucky" }},
    { "St": { "type": "uri", "value": "http://dbpedia.org/resource/Michigan" }	, "Cap": { "type": "uri", "value": "http://dbpedia.org/resource/Lansing,_Michigan" }	, "LCity": { "type": "uri", "value": "http://dbpedia.org/resource/Detroit" }},
    { "St": { "type": "uri", "value": "http://dbpedia.org/resource/New_Jersey" }	, "Cap": { "type": "uri", "value": "http://dbpedia.org/resource/Trenton,_New_Jersey" }	, "LCity": { "type": "uri", "value": "http://dbpedia.org/resource/Newark,_New_Jersey" }},
    { "St": { "type": "uri", "value": "http://dbpedia.org/resource/New_York_(state)" }	, "Cap": { "type": "uri", "value": "http://dbpedia.org/resource/Albany,_New_York" }	, "LCity": { "type": "uri", "value": "http://dbpedia.org/resource/New_York_City" }},
    { "St": { "type": "uri", "value": "http://dbpedia.org/resource/Oklahoma" }	, "Cap": { "type": "uri", "value": "http://dbpedia.org/resource/Oklahoma_City" }	, "LCity": { "type": "uri", "value": "http://dbpedia.org/resource/Oklahoma_City" }},
    { "St": { "type": "uri", "value": "http://dbpedia.org/resource/Oregon" }	, "Cap": { "type": "uri", "value": "http://dbpedia.org/resource/Salem,_Oregon" }	, "LCity": { "type": "uri", "value": "http://dbpedia.org/resource/Portland,_Oregon" }},
    { "St": { "type": "uri", "value": "http://dbpedia.org/resource/Pennsylvania" }	, "Cap": { "type": "uri", "value": "http://dbpedia.org/resource/Harrisburg,_Pennsylvania" }	, "LCity": { "type": "uri", "value": "http://dbpedia.org/resource/Philadelphia" }},
    { "St": { "type": "uri", "value": "http://dbpedia.org/resource/Texas" }	, "Cap": { "type": "uri", "value": "http://dbpedia.org/resource/Austin,_Texas" }	, "LCity": { "type": "uri", "value": "http://dbpedia.org/resource/Houston" }},
    { "St": { "type": "uri", "value": "http://dbpedia.org/resource/Connecticut" }	, "Cap": { "type": "uri", "value": "http://dbpedia.org/resource/Hartford,_Connecticut" }	, "LCity": { "type": "uri", "value": "http://dbpedia.org/resource/Bridgeport,_Connecticut" }},
    { "St": { "type": "uri", "value": "http://dbpedia.org/resource/Missouri" }	, "Cap": { "type": "uri", "value": "http://dbpedia.org/resource/Jefferson_City,_Missouri" }	, "LCity": { "type": "uri", "value": "http://dbpedia.org/resource/Kansas_City,_Missouri" }},
    { "St": { "type": "uri", "value": "http://dbpedia.org/resource/New_Hampshire" }	, "Cap": { "type": "uri", "value": "http://dbpedia.org/resource/Concord,_New_Hampshire" }	, "LCity": { "type": "uri", "value": "http://dbpedia.org/resource/Manchester,_New_Hampshire" }},
    { "St": { "type": "uri", "value": "http://dbpedia.org/resource/South_Carolina" }	, "Cap": { "type": "uri", "value": "http://dbpedia.org/resource/Columbia,_South_Carolina" }	, "LCity": { "type": "uri", "value": "http://dbpedia.org/resource/Charleston,_South_Carolina" }},
    { "St": { "type": "uri", "value": "http://dbpedia.org/resource/Virginia" }	, "Cap": { "type": "uri", "value": "http://dbpedia.org/resource/Richmond,_Virginia" }	, "LCity": { "type": "uri", "value": "http://dbpedia.org/resource/Virginia_Beach,_Virginia" }},
    { "St": { "type": "uri", "value": "http://dbpedia.org/resource/Florida" }	, "Cap": { "type": "uri", "value": "http://dbpedia.org/resource/Tallahassee,_Florida" }	, "LCity": { "type": "uri", "value": "http://dbpedia.org/resource/Jacksonville,_Florida" }},
    { "St": { "type": "uri", "value": "http://dbpedia.org/resource/Montana" }	, "Cap": { "type": "uri", "value": "http://dbpedia.org/resource/Helena,_Montana" }	, "LCity": { "type": "uri", "value": "http://dbpedia.org/resource/Billings,_Montana" }},
    { "St": { "type": "uri", "value": "http://dbpedia.org/resource/Nebraska" }	, "Cap": { "type": "uri", "value": "http://dbpedia.org/resource/Lincoln,_Nebraska" }	, "LCity": { "type": "uri", "value": "http://dbpedia.org/resource/Omaha,_Nebraska" }},
    { "St": { "type": "uri", "value": "http://dbpedia.org/resource/Maryland" }	, "Cap": { "type": "uri", "value": "http://dbpedia.org/resource/Annapolis,_Maryland" }	, "LCity": { "type": "uri", "value": "http://dbpedia.org/resource/Baltimore" }},
    { "St": { "type": "uri", "value": "http://dbpedia.org/resource/Minnesota" }	, "Cap": { "type": "uri", "value": "http://dbpedia.org/resource/Saint_Paul,_Minnesota" }	, "LCity": { "type": "uri", "value": "http://dbpedia.org/resource/Minneapolis" }},
    { "St": { "type": "uri", "value": "http://dbpedia.org/resource/North_Carolina" }	, "Cap": { "type": "uri", "value": "http://dbpedia.org/resource/Raleigh,_North_Carolina" }	, "LCity": { "type": "uri", "value": "http://dbpedia.org/resource/Charlotte,_North_Carolina" }},
    { "St": { "type": "uri", "value": "http://dbpedia.org/resource/Washington_(state)" }	, "Cap": { "type": "uri", "value": "http://dbpedia.org/resource/Olympia,_Washington" }	, "LCity": { "type": "uri", "value": "http://dbpedia.org/resource/Seattle" }},
    { "St": { "type": "uri", "value": "http://dbpedia.org/resource/Delaware" }	, "Cap": { "type": "uri", "value": "http://dbpedia.org/resource/Dover,_Delaware" }	, "LCity": { "type": "uri", "value": "http://dbpedia.org/resource/Wilmington,_Delaware" }} ] } }