
{ "head": { "link": [], "vars": ["University", "Undergraduate", "Graduate", "Total"] },
  "results": { "distinct": false, "ordered": true, "bindings": [
    { "University": { "type": "uri", "value": "http://dbpedia.org/resource/Towson_University" }	, "Undergraduate": { "type": "typed-literal", "datatype": "http://www.w3.org/2001/XMLSchema#nonNegativeInteger", "value": "18807" }	, "Graduate": { "type": "typed-literal", "datatype": "http://www.w3.org/2001/XMLSchema#nonNegativeInteger", "value": "3478" }	, "Total": { "type": "typed-literal", "datatype": "http://www.w3.org/2001/XMLSchema#integer", "value": "22285" }},
    { "University": { "type": "uri", "value": "http://dbpedia.org/resource/Johns_Hopkins_University" }	, "Undergraduate": { "type": "typed-literal", "datatype": "http://www.w3.org/2001/XMLSchema#nonNegativeInteger", "value": "5326" }	, "Graduate": { "type": "typed-literal", "datatype": "http://www.w3.org/2001/XMLSchema#nonNegativeInteger", "value": "14848" }	, "Total": { "type": "typed-literal", "datatype": "http://www.w3.org/2001/XMLSchema#integer", "value": "20174" }},
    { "University": { "type": "uri", "value": "http://dbpedia.org/resource/University_of_Maryland,_Baltimore_County" }	, "Undergraduate": { "type": "typed-literal", "datatype": "http://www.w3.org/2001/XMLSchema#nonNegativeInteger", "value": "11243" }	, "Graduate": { "type": "typed-literal", "datatype": "http://www.w3.org/2001/XMLSchema#nonNegativeInteger", "value": "2596" }	, "Total": { "type": "typed-literal", "datatype": "http://www.w3.org/2001/XMLSchema#integer", "value": "13839" }},
    { "University": { "type": "uri", "value": "http://dbpedia.org/resource/Morgan_State_University" }	, "Undergraduate": { "type": "typed-literal", "datatype": "http://www.w3.org/2001/XMLSchema#nonNegativeInteger", "value": "6302" }	, "Graduate": { "type": "typed-literal", "datatype": "http://www.w3.org/2001/XMLSchema#nonNegativeInteger", "value": "1396" }	, "Total": { "type": "typed-literal", "datatype": "http://www.w3.org/2001/XMLSchema#integer", "value": "7698" }},
    { "University": { "type": "uri", "value": "http://dbpedia.org/resource/Loyola_University_Maryland" }	, "Undergraduate": { "type": "typed-literal", "datatype": "http://www.w3.org/2001/XMLSchema#nonNegativeInteger", "value": "4068" }	, "Graduate": { "type": "typed-literal", "datatype": "http://www.w3.org/2001/XMLSchema#nonNegativeInteger", "value": "1982" }	, "Total": { "type": "typed-literal", "datatype": "http://www.w3.org/2001/XMLSchema#integer", "value": "6050" }},
    { "University": { "type": "uri", "value": "http://dbpedia.org/resource/University_of_Baltimore" }	, "Undergraduate": { "type": "typed-literal", "datatype": "http://www.w3.org/2001/XMLSchema#nonNegativeInteger", "value": "3064" }	, "Graduate": { "type": "typed-literal", "datatype": "http://www.w3.org/2001/XMLSchema#nonNegativeInteger", "value": "2563" }	, "Total": { "type": "typed-literal", "datatype": "http://www.w3.org/2001/XMLSchema#integer", "value": "5627" }},
    { "University": { "type": "uri", "value": "http://dbpedia.org/resource/College_of_Southern_Maryland" }	, "Undergraduate": { "type": "typed-literal", "datatype": "http://www.w3.org/2001/XMLSchema#nonNegativeInteger", "value": "11307" }},
    { "University": { "type": "uri", "value": "http://dbpedia.org/resource/Howard_Community_College" }	, "Undergraduate": { "type": "typed-literal", "datatype": "http://www.w3.org/2001/XMLSchema#nonNegativeInteger", "value": "10135" }} ] } }