
{ "head": { "link": [], "vars": ["University", "GraduateStudents", "UndergraduateStudents"] },
  "results": { "distinct": false, "ordered": true, "bindings": [
    { "University": { "type": "uri", "value": "http://dbpedia.org/resource/University_of_California,_San_Francisco" }	, "GraduateStudents": { "type": "typed-literal", "datatype": "http://www.w3.org/2001/XMLSchema#nonNegativeInteger", "value": "4904" }},
    { "University": { "type": "uri", "value": "http://dbpedia.org/resource/Chattahoochee_Technical_College" }	, "GraduateStudents": { "type": "typed-literal", "datatype": "http://www.w3.org/2001/XMLSchema#nonNegativeInteger", "value": "0" }},
    { "University": { "type": "uri", "value": "http://dbpedia.org/resource/Trinity_Lutheran_Seminary" }	, "GraduateStudents": { "type": "typed-literal", "datatype": "http://www.w3.org/2001/XMLSchema#nonNegativeInteger", "value": "82" }},
    { "University": { "type": "uri", "value": "http://dbpedia.org/resource/Columbia_University_School_of_Social_Work" }	, "GraduateStudents": { "type": "typed-literal", "datatype": "http://www.w3.org/2001/XMLSchema#nonNegativeInteger", "value": "900" }},
    { "University": { "type": "uri", "value": "http://dbpedia.org/resource/Department_of_Geography,_University_of_Washington" }	, "GraduateStudents": { "type": "typed-literal", "datatype": "http://www.w3.org/2001/XMLSchema#nonNegativeInteger", "value": "34" }},
    { "University": { "type": "uri", "value": "http://dbpedia.org/resource/Princeton_Theological_Seminary" }	, "GraduateStudents": { "type": "typed-literal", "datatype": "http://www.w3.org/2001/XMLSchema#nonNegativeInteger", "value": "429" }},
    { "University": { "type": "uri", "value": "http://dbpedia.org/resource/University_of_Texas_Health_Science_Center_at_Houston" }	, "GraduateStudents": { "type": "typed-literal", "datatype": "http://www.w3.org/2001/XMLSchema#nonNegativeInteger", "value": "245" }},
    { "University": { "type": "uri", "value": "http://dbpedia.org/resource/University_of_Texas_Health_Science_Center_at_Houston" }	, "GraduateStudents": { "type": "typed-literal", "datatype": "http://www.w3.org/2001/XMLSchema#nonNegativeInteger", "value": "437" }},
    { "University": { "type": "uri", "value": "http://dbpedia.org/resource/University_of_Texas_Health_Science_Center_at_Houston" }	, "GraduateStudents": { "type": "typed-literal", "datatype": "http://www.w3.org/2001/XMLSchema#nonNegativeInteger", "value": "548" }},
    { "University": { "type": "uri", "value": "http://dbpedia.org/resource/University_of_Texas_Health_Science_Center_at_Houston" }	, "GraduateStudents": { "type": "typed-literal", "datatype": "http://www.w3.org/2001/XMLSchema#nonNegativeInteger", "value": "1060" }},
    { "University": { "type": "uri", "value": "http://dbpedia.org/resource/University_of_Texas_Health_Science_Center_at_Houston" }	, "GraduateStudents": { "type": "typed-literal", "datatype": "http://www.w3.org/2001/XMLSchema#nonNegativeInteger", "value": "1247" }},
    { "University": { "type": "uri", "value": "http://dbpedia.org/resource/University_of_Texas_Health_Science_Center_at_Houston" }	, "GraduateStudents": { "type": "typed-literal", "datatype": "http://www.w3.org/2001/XMLSchema#nonNegativeInteger", "value": "1274" }},
    { "University": { "type": "uri", "value": "http://dbpedia.org/resource/University_of_Texas_Health_Science_Center_at_Houston" }	, "GraduateStudents": { "type": "typed-literal", "datatype": "http://www.w3.org/2001/XMLSchema#nonNegativeInteger", "value": "4811" }},
    { "University": { "type": "uri", "value": "http://dbpedia.org/resource/Institute_of_Paper_Science_and_Technology" }	, "GraduateStudents": { "type": "typed-literal", "datatype": "http://www.w3.org/2001/XMLSchema#nonNegativeInteger", "value": "50" }},
    { "University": { "type": "uri", "value": "http://dbpedia.org/resource/Simon_Business_School" }	, "GraduateStudents": { "type": "typed-literal", "datatype": "http://www.w3.org/2001/XMLSchema#nonNegativeInteger", "value": "182" }},
    { "University": { "type": "uri", "value": "http://dbpedia.org/resource/Stanford_Graduate_School_of_Business" }	, "GraduateStudents": { "type": "typed-literal", "datatype": "http://www.w3.org/2001/XMLSchema#nonNegativeInteger", "value": "816" }},
    { "University": { "type": "uri", "value": "http://dbpedia.org/resource/Uniformed_Services_University_of_the_Health_Sciences" }	, "GraduateStudents": { "type": "typed-literal", "datatype": "http://www.w3.org/2001/XMLSchema#nonNegativeInteger", "value": "1200" }},
    { "University": { "type": "uri", "value": "http://dbpedia.org/resource/University_of_Saint_Mary_of_the_Lake" }	, "GraduateStudents": { "type": "typed-literal", "datatype": "http://www.w3.org/2001/XMLSchema#nonNegativeInteger", "value": "250" }},
    { "University": { "type": "uri", "value": "http://dbpedia.org/resource/Medical_College_of_Georgia" }	, "GraduateStudents": { "type": "typed-literal", "datatype": "http://www.w3.org/2001/XMLSchema#nonNegativeInteger", "value": "643" }},
    { "University": { "type": "uri", "value": "http://dbpedia.org/resource/University_of_Pittsburgh_Graduate_School_of_Public_and_International_Affairs" }	, "GraduateStudents": { "type": "typed-literal", "datatype": "http://www.w3.org/2001/XMLSchema#nonNegativeInteger", "value": "411" }},
    { "University": { "type": "uri", "value": "http://dbpedia.org/resource/Baylor_College_of_Medicine" }	, "GraduateStudents": { "type": "typed-literal", "datatype": "http://www.w3.org/2001/XMLSchema#nonNegativeInteger", "value": "190" }},
    { "University": { "type": "uri", "value": "http://dbpedia.org/resource/Baylor_College_of_Medicine" }	, "GraduateStudents": { "type": "typed-literal", "datatype": "http://www.w3.org/2001/XMLSchema#nonNegativeInteger", "value": "1552" }},
    { "University": { "type": "uri", "value": "http://dbpedia.org/resource/Scripps_Institution_of_Oceanography" }	, "GraduateStudents": { "type": "typed-literal", "datatype": "http://www.w3.org/2001/XMLSchema#nonNegativeInteger", "value": "300" }},
    { "University": { "type": "uri", "value": "http://dbpedia.org/resource/Middlebury_Institute_of_International_Studies_at_Monterey" }	, "GraduateStudents": { "type": "typed-literal", "datatype": "http://www.w3.org/2001/XMLSchema#nonNegativeInteger", "value": "790" }},
    { "University": { "type": "uri", "value": "http://dbpedia.org/resource/Cornell_University_Graduate_School" }	, "GraduateStudents": { "type": "typed-literal", "datatype": "http://www.w3.org/2001/XMLSchema#nonNegativeInteger", "value": "4971" }},
    { "University": { "type": "uri", "value": "http://dbpedia.org/resource/Maxwell_School_of_Citizenship_and_Public_Affairs" }	, "GraduateStudents": { "type": "typed-literal", "datatype": "http://www.w3.org/2001/XMLSchema#nonNegativeInteger", "value": "800" }},
    { "University": { "type": "uri", "value": "http://dbpedia.org/resource/Concordia_College_(New_York)" }	, "GraduateStudents": { "type": "typed-literal", "datatype": "http://www.w3.org/2001/XMLSchema#nonNegativeInteger", "value": "66" }},
    { "University": { "type": "uri", "value": "http://dbpedia.org/resource/Salus_University" }	, "GraduateStudents": { "type": "typed-literal", "datatype": "http://www.w3.org/2001/XMLSchema#nonNegativeInteger", "value": "1200" }},
    { "University": { "type": "uri", "value": "http://dbpedia.org/resource/East_Tennessee_State_University" }	, "GraduateStudents": { "type": "typed-literal", "datatype": "http://www.w3.org/2001/XMLSchema#nonNegativeInteger", "value": "2355" }},
    { "University": { "type": "uri", "value": "http://dbpedia.org/resource/St._John's_College_(Annapolis/Santa_Fe)" }	, "GraduateStudents": { "type": "typed-literal", "datatype": "http://www.w3.org/2001/XMLSchema#nonNegativeInteger", "value": "160" }},
    { "University": { "type": "uri", "value": "http://dbpedia.org/resource/Owen_Graduate_School_of_Management" }	, "GraduateStudents": { "type": "typed-literal", "datatype": "http://www.w3.org/2001/XMLSchema#nonNegativeInteger", "value": "577" }},
    { "University": { "type": "uri", "value": "http://dbpedia.org/resource/University_of_Pennsylvania_School_of_Dental_Medicine" }	, "GraduateStudents": { "type": "typed-literal", "datatype": "http://www.w3.org/2001/XMLSchema#nonNegativeInteger", "value": "99" }},
    { "University": { "type": "uri", "value": "http://dbpedia.org/resource/Kellogg_School_of_Management" }	, "GraduateStudents": { "type": "typed-literal", "datatype": "http://www.w3.org/2001/XMLSchema#nonNegativeInteger", "value": "1162" }},
    { "University": { "type": "uri", "value": "http://dbpedia.org/resource/Heinz_College" }	, "GraduateStudents": { "type": "typed-literal", "datatype": "http://www.w3.org/2001/XMLSchema#nonNegativeInteger", "value": "1518" }},
    { "University": { "type": "uri", "value": "http://dbpedia.org/resource/Cape_Cod_Community_College" }	, "GraduateStudents": { "type": "typed-literal", "datatype": "http://www.w3.org/2001/XMLSchema#nonNegativeInteger", "value": "4" }},
    { "University": { "type": "uri", "value": "http://dbpedia.org/resource/Fuqua_School_of_Business" }	, "GraduateStudents": { "type": "typed-literal", "datatype": "http://www.w3.org/2001/XMLSchema#nonNegativeInteger", "value": "130" }},
    { "University": { "type": "uri", "value": "http://dbpedia.org/resource/Fuqua_School_of_Business" }	, "GraduateStudents": { "type": "typed-literal", "datatype": "http://www.w3.org/2001/XMLSchema#nonNegativeInteger", "value": "503" }},
    { "University": { "type": "uri", "value": "http://dbpedia.org/resource/Fuqua_School_of_Business" }	, "GraduateStudents": { "type": "typed-literal", "datatype": "http://www.w3.org/2001/XMLSchema#nonNegativeInteger", "value": "861" }},
    { "University": { "type": "uri", "value": "http://dbpedia.org/resource/Penn_State_Milton_S._Hershey_Medical_Center__Penn_State_College_of_Medicine__1" }	, "GraduateStudents": { "type": "typed-literal", "datatype": "http://www.w3.org/2001/XMLSchema#nonNegativeInteger", "value": "1004" }},
    { "University": { "type": "uri", "value": "http://dbpedia.org/resource/Columbia_Business_School" }	, "GraduateStudents": { "type": "typed-literal", "datatype": "http://www.w3.org/2001/XMLSchema#nonNegativeInteger", "value": "1433" }},
    { "University": { "type": "uri", "value": "http://dbpedia.org/resource/William_Carey_International_University" }	, "GraduateStudents": { "type": "typed-literal", "datatype": "http://www.w3.org/2001/XMLSchema#nonNegativeInteger", "value": "40" }},
    { "University": { "type": "uri", "value": "http://dbpedia.org/resource/Elizabethtown_College" }	, "GraduateStudents": { "type": "typed-literal", "datatype": "http://www.w3.org/2001/XMLSchema#nonNegativeInteger", "value": "42" }},
    { "University": { "type": "uri", "value": "http://dbpedia.org/resource/Franciscan_School_of_Theology" }	, "GraduateStudents": { "type": "typed-literal", "datatype": "http://www.w3.org/2001/XMLSchema#nonNegativeInteger", "value": "64" }},
    { "University": { "type": "uri", "value": "http://dbpedia.org/resource/Brody_School_of_Medicine_at_East_Carolina_University" }	, "GraduateStudents": { "type": "typed-literal", "datatype": "http://www.w3.org/2001/XMLSchema#nonNegativeInteger", "value": "80" }},
    { "University": { "type": "uri", "value": "http://dbpedia.org/resource/Rensselaer_at_Hartford" }	, "GraduateStudents": { "type": "typed-literal", "datatype": "http://www.w3.org/2001/XMLSchema#nonNegativeInteger", "value": "707" }},
    { "University": { "type": "uri", "value": "http://dbpedia.org/resource/Wittenberg_University" }	, "GraduateStudents": { "type": "typed-literal", "datatype": "http://www.w3.org/2001/XMLSchema#nonNegativeInteger", "value": "70" }},
    { "University": { "type": "uri", "value": "http://dbpedia.org/resource/Boston_College_School_of_Social_Work" }	, "GraduateStudents": { "type": "typed-literal", "datatype": "http://www.w3.org/2001/XMLSchema#nonNegativeInteger", "value": "481" }},
    { "University": { "type": "uri", "value": "http://dbpedia.org/resource/Lake_Forest_Graduate_School_of_Management" }	, "GraduateStudents": { "type": "typed-literal", "datatype": "http://www.w3.org/2001/XMLSchema#nonNegativeInteger", "value": "252" }},
    { "University": { "type": "uri", "value": "http://dbpedia.org/resource/Morgridge_College_of_Education" }	, "GraduateStudents": { "type": "typed-literal", "datatype": "http://www.w3.org/2001/XMLSchema#nonNegativeInteger", "value": "808" }},
    { "University": { "type": "uri", "value": "http://dbpedia.org/resource/Jesuit_School_of_Theology_of_Santa_Clara_University" }	, "GraduateStudents": { "type": "typed-literal", "datatype": "http://www.w3.org/2001/XMLSchema#nonNegativeInteger", "value": "148" }},
    { "University": { "type": "uri", "value": "http://dbpedia.org/resource/University_of_Connecticut_School_of_Law" }	, "GraduateStudents": { "type": "typed-literal", "datatype": "http://www.w3.org/2001/XMLSchema#nonNegativeInteger", "value": "621" }},
    { "University": { "type": "uri", "value": "http://dbpedia.org/resource/Meadville_Lombard_Theological_School" }	, "GraduateStudents": { "type": "typed-literal", "datatype": "http://www.w3.org/2001/XMLSchema#nonNegativeInteger", "value": "68" }},
    { "University": { "type": "uri", "value": "http://dbpedia.org/resource/Institute_of_Food_and_Agricultural_Sciences" }	, "GraduateStudents": { "type": "typed-literal", "datatype": "http://www.w3.org/2001/XMLSchema#nonNegativeInteger", "value": "1200" }},
    { "University": { "type": "uri", "value": "http://dbpedia.org/resource/Erikson_Institute" }	, "GraduateStudents": { "type": "typed-literal", "datatype": "http://www.w3.org/2001/XMLSchema#nonNegativeInteger", "value": "300" }},
    { "University": { "type": "uri", "value": "http://dbpedia.org/resource/Saunders_College_of_Business" }	, "GraduateStudents": { "type": "typed-literal", "datatype": "http://www.w3.org/2001/XMLSchema#nonNegativeInteger", "value": "346" }},
    { "University": { "type": "uri", "value": "http://dbpedia.org/resource/Computer_Systems_Institute" }	, "GraduateStudents": { "type": "typed-literal", "datatype": "http://www.w3.org/2001/XMLSchema#nonNegativeInteger", "value": "1300" }},
    { "University": { "type": "uri", "value": "http://dbpedia.org/resource/Graziadio_School_of_Business_and_Management" }	, "GraduateStudents": { "type": "typed-literal", "datatype": "http://www.w3.org/2001/XMLSchema#nonNegativeInteger", "value": "1908" }},
    { "University": { "type": "uri", "value": "http://dbpedia.org/resource/OU_School_of_Community_Medicine" }	, "GraduateStudents": { "type": "typed-literal", "datatype": "http://www.w3.org/2001/XMLSchema#nonNegativeInteger", "value": "110" }},
    { "University": { "type": "uri", "value": "http://dbpedia.org/resource/College_of_Osteopathic_Medicine_of_the_Pacific,_Northwest" }	, "GraduateStudents": { "type": "typed-literal", "datatype": "http://www.w3.org/2001/XMLSchema#nonNegativeInteger", "value": "212" }},
    { "University": { "type": "uri", "value": "http://dbpedia.org/resource/University_of_Arkansas_Graduate_School" }	, "GraduateStudents": { "type": "typed-literal", "datatype": "http://www.w3.org/2001/XMLSchema#nonNegativeInteger", "value": "3579" }},
    { "University": { "type": "uri", "value": "http://dbpedia.org/resource/Kirkhof_College_of_Nursing" }	, "GraduateStudents": { "type": "typed-literal", "datatype": "http://www.w3.org/2001/XMLSchema#nonNegativeInteger", "value": "391" }},
    { "University": { "type": "uri", "value": "http://dbpedia.org/resource/University_of_Missouri_Graduate_School" }	, "GraduateStudents": { "type": "typed-literal", "datatype": "http://www.w3.org/2001/XMLSchema#nonNegativeInteger", "value": "6028" }},
    { "University": { "type": "uri", "value": "http://dbpedia.org/resource/Portland_State_University_College_of_Liberal_Arts_and_Sciences" }	, "GraduateStudents": { "type": "typed-literal", "datatype": "http://www.w3.org/2001/XMLSchema#nonNegativeInteger", "value": "1157" }},
    { "University": { "type": "uri", "value": "http://dbpedia.org/resource/University_of_the_Incarnate_Word_School_of_Osteopathic_Medicine" }	, "GraduateStudents": { "type": "typed-literal", "datatype": "http://www.w3.org/2001/XMLSchema#nonNegativeInteger", "value": "150" }} ] } }