
{ "head": { "link": [], "vars": ["AlmaMater", "NumberOfPresidents"] },
  "results": { "distinct": false, "ordered": true, "bindings": [
    { "AlmaMater": { "type": "uri", "value": "http://dbpedia.org/resource/Stanford_University" }	, "NumberOfPresidents": { "type": "typed-literal", "datatype": "http://www.w3.org/2001/XMLSchema#integer", "value": "44" }},
    { "AlmaMater": { "type": "uri", "value": "http://dbpedia.org/resource/Princeton_University" }	, "NumberOfPresidents": { "type": "typed-literal", "datatype": "http://www.w3.org/2001/XMLSchema#integer", "value": "38" }},
    { "AlmaMater": { "type": "uri", "value": "http://dbpedia.org/resource/Harvard_University" }	, "NumberOfPresidents": { "type": "typed-literal", "datatype": "http://www.w3.org/2001/XMLSchema#integer", "value": "20" }},
    { "AlmaMater": { "type": "uri", "value": "http://dbpedia.org/resource/University_of_California,_San_Francisco" }	, "NumberOfPresidents": { "type": "typed-literal", "datatype": "http://www.w3.org/2001/XMLSchema#integer", "value": "20" }},
    { "AlmaMater": { "type": "uri", "value": "http://dbpedia.org/resource/University_of_Colorado_Boulder" }	, "NumberOfPresidents": { "type": "typed-literal", "datatype": "http://www.w3.org/2001/XMLSchema#integer", "value": "18" }},
    { "AlmaMater": { "type": "uri", "value": "http://dbpedia.org/resource/Syracuse_University" }	, "NumberOfPresidents": { "type": "typed-literal", "datatype": "http://www.w3.org/2001/XMLSchema#integer", "value": "16" }},
    { "AlmaMater": { "type": "uri", "value": "http://dbpedia.org/resource/University_of_Florida" }	, "NumberOfPresidents": { "type": "typed-literal", "datatype": "http://www.w3.org/2001/XMLSchema#integer", "value": "14" }},
    { "AlmaMater": { "type": "uri", "value": "http://dbpedia.org/resource/Florida_State_University" }	, "NumberOfPresidents": { "type": "typed-literal", "datatype": "http://www.w3.org/2001/XMLSchema#integer", "value": "13" }},
    { "AlmaMater": { "type": "uri", "value": "http://dbpedia.org/resource/University_of_Massachusetts_Lowell" }	, "NumberOfPresidents": { "type": "typed-literal", "datatype": "http://www.w3.org/2001/XMLSchema#integer", "value": "12" }},
    { "AlmaMater": { "type": "uri", "value": "http://dbpedia.org/resource/Cornell_University" }	, "NumberOfPresidents": { "type": "typed-literal", "datatype": "http://www.w3.org/2001/XMLSchema#integer", "value": "12" }},
    { "AlmaMater": { "type": "uri", "value": "http://dbpedia.org/resource/Purdue_University" }	, "NumberOfPresidents": { "type": "typed-literal", "datatype": "http://www.w3.org/2001/XMLSchema#integer", "value": "12" }},
    { "AlmaMater": { "type": "uri", "value": "http://dbpedia.org/resource/University_of_Pennsylvania" }	, "NumberOfPresidents": { "type": "typed-literal", "datatype": "http://www.w3.org/2001/XMLSchema#integer", "value": "10" }},
    { "AlmaMater": { "type": "uri", "value": "http://dbpedia.org/resource/Duke_University" }	, "NumberOfPresidents": { "type": "typed-literal", "datatype": "http://www.w3.org/2001/XMLSchema#integer", "value": "8" }},
    { "AlmaMater": { "type": "uri", "value": "http://dbpedia.org/resource/Dartmouth_College" }	, "NumberOfPresidents": { "type": "typed-literal", "datatype": "http://www.w3.org/2001/XMLSchema#integer", "value": "8" }},
    { "AlmaMater": { "type": "uri", "value": "http://dbpedia.org/resource/Michigan_State_University" }	, "NumberOfPresidents": { "type": "typed-literal", "datatype": "http://www.w3.org/2001/XMLSchema#integer", "value": "8" }},
    { "AlmaMater": { "type": "uri", "value": "http://dbpedia.org/resource/Fordham_University" }	, "NumberOfPresidents": { "type": "typed-literal", "datatype": "http://www.w3.org/2001/XMLSchema#integer", "value": "8" }},
    { "AlmaMater": { "type": "uri", "value": "http://dbpedia.org/resource/University_of_South_Florida" }	, "NumberOfPresidents": { "type": "typed-literal", "datatype": "http://www.w3.org/2001/XMLSchema#integer", "value": "8" }},
    { "AlmaMater": { "type": "uri", "value": "http://dbpedia.org/resource/University_of_Wisconsin\u2013Madison" }	, "NumberOfPresidents": { "type": "typed-literal", "datatype": "http://www.w3.org/2001/XMLSchema#integer", "value": "8" }},
    { "AlmaMater": { "type": "uri", "value": "http://dbpedia.org/resource/Santa_Clara_University" }	, "NumberOfPresidents": { "type": "typed-literal", "datatype": "http://www.w3.org/2001/XMLSchema#integer", "value": "8" }},
    { "AlmaMater": { "type": "uri", "value": "http://dbpedia.org/resource/University_of_Michigan" }	, "NumberOfPresidents": { "type": "typed-literal", "datatype": "http://www.w3.org/2001/XMLSchema#integer", "value": "8" }},
    { "AlmaMater": { "type": "uri", "value": "http://dbpedia.org/resource/Georgia_State_University" }	, "NumberOfPresidents": { "type": "typed-literal", "datatype": "http://www.w3.org/2001/XMLSchema#integer", "value": "8" }},
    { "AlmaMater": { "type": "uri", "value": "http://dbpedia.org/resource/Iowa_State_University" }	, "NumberOfPresidents": { "type": "typed-literal", "datatype": "http://www.w3.org/2001/XMLSchema#integer", "value": "8" }},
    { "AlmaMater": { "type": "uri", "value": "http://dbpedia.org/resource/Johns_Hopkins_University" }	, "NumberOfPresidents": { "type": "typed-literal", "datatype": "http://www.w3.org/2001/XMLSchema#integer", "value": "8" }},
    { "AlmaMater": { "type": "uri", "value": "http://dbpedia.org/resource/Radcliffe_College" }	, "NumberOfPresidents": { "type": "typed-literal", "datatype": "http://www.w3.org/2001/XMLSchema#integer", "value": "8" }},
    { "AlmaMater": { "type": "uri", "value": "http://dbpedia.org/resource/University_of_California,_Berkeley" }	, "NumberOfPresidents": { "type": "typed-literal", "datatype": "http://www.w3.org/2001/XMLSchema#integer", "value": "7" }},
    { "AlmaMater": { "type": "uri", "value": "http://dbpedia.org/resource/University_of_Chicago" }	, "NumberOfPresidents": { "type": "typed-literal", "datatype": "http://www.w3.org/2001/XMLSchema#integer", "value": "6" }},
    { "AlmaMater": { "type": "uri", "value": "http://dbpedia.org/resource/Nova_Southeastern_University" }	, "NumberOfPresidents": { "type": "typed-literal", "datatype": "http://www.w3.org/2001/XMLSchema#integer", "value": "6" }},
    { "AlmaMater": { "type": "uri", "value": "http://dbpedia.org/resource/Johns_Hopkins_School_of_Medicine" }	, "NumberOfPresidents": { "type": "typed-literal", "datatype": "http://www.w3.org/2001/XMLSchema#integer", "value": "6" }},
    { "AlmaMater": { "type": "uri", "value": "http://dbpedia.org/resource/University_of_North_Carolina_at_Chapel_Hill" }	, "NumberOfPresidents": { "type": "typed-literal", "datatype": "http://www.w3.org/2001/XMLSchema#integer", "value": "6" }},
    { "AlmaMater": { "type": "uri", "value": "http://dbpedia.org/resource/Western_Kentucky_University" }	, "NumberOfPresidents": { "type": "typed-literal", "datatype": "http://www.w3.org/2001/XMLSchema#integer", "value": "6" }},
    { "AlmaMater": { "type": "uri", "value": "http://dbpedia.org/resource/University_of_Minnesota" }	, "NumberOfPresidents": { "type": "typed-literal", "datatype": "http://www.w3.org/2001/XMLSchema#integer", "value": "6" }},
    { "AlmaMater": { "type": "uri", "value": "http://dbpedia.org/resource/University_of_Iowa" }	, "NumberOfPresidents": { "type": "typed-literal", "datatype": "http://www.w3.org/2001/XMLSchema#integer", "value": "6" }},
    { "AlmaMater": { "type": "uri", "value": "http://dbpedia.org/resource/Emory_University" }	, "NumberOfPresidents": { "type": "typed-literal", "datatype": "http://www.w3.org/2001/XMLSchema#integer", "value": "6" }},
    { "AlmaMater": { "type": "uri", "value": "http://dbpedia.org/resource/Yale_University" }	, "NumberOfPresidents": { "type": "typed-literal", "datatype": "http://www.w3.org/2001/XMLSchema#integer", "value": "6" }},
    { "AlmaMater": { "type": "uri", "value": "http://dbpedia.org/resource/Ohio_University" }	, "NumberOfPresidents": { "type": "typed-literal", "datatype": "http://www.w3.org/2001/XMLSchema#integer", "value": "6" }},
    { "AlmaMater": { "type": "uri", "value": "http://dbpedia.org/resource/Suffolk_University" }	, "NumberOfPresidents": { "type": "typed-literal", "datatype": "http://www.w3.org/2001/XMLSchema#integer", "value": "6" }},
    { "AlmaMater": { "type": "uri", "value": "http://dbpedia.org/resource/University_of_Miami" }	, "NumberOfPresidents": { "type": "typed-literal", "datatype": "http://www.w3.org/2001/XMLSchema#integer", "value": "5" }},
    { "AlmaMater": { "type": "uri", "value": "http://dbpedia.org/resource/Georgia_Institute_of_Technology" }	, "NumberOfPresidents": { "type": "typed-literal", "datatype": "http://www.w3.org/2001/XMLSchema#integer", "value": "4" }},
    { "AlmaMater": { "type": "uri", "value": "http://dbpedia.org/resource/Bucknell_University" }	, "NumberOfPresidents": { "type": "typed-literal", "datatype": "http://www.w3.org/2001/XMLSchema#integer", "value": "4" }},
    { "AlmaMater": { "type": "uri", "value": "http://dbpedia.org/resource/University_of_Maryland,_Baltimore_County" }	, "NumberOfPresidents": { "type": "typed-literal", "datatype": "http://www.w3.org/2001/XMLSchema#integer", "value": "4" }},
    { "AlmaMater": { "type": "uri", "value": "http://dbpedia.org/resource/Banaras_Hindu_University" }	, "NumberOfPresidents": { "type": "typed-literal", "datatype": "http://www.w3.org/2001/XMLSchema#integer", "value": "4" }},
    { "AlmaMater": { "type": "uri", "value": "http://dbpedia.org/resource/Northeastern_University" }	, "NumberOfPresidents": { "type": "typed-literal", "datatype": "http://www.w3.org/2001/XMLSchema#integer", "value": "4" }},
    { "AlmaMater": { "type": "uri", "value": "http://dbpedia.org/resource/University_of_Georgia" }	, "NumberOfPresidents": { "type": "typed-literal", "datatype": "http://www.w3.org/2001/XMLSchema#integer", "value": "4" }},
    { "AlmaMater": { "type": "uri", "value": "http://dbpedia.org/resource/University_of_Puerto_Rico_at_Mayag\u00FCez" }	, "NumberOfPresidents": { "type": "typed-literal", "datatype": "http://www.w3.org/2001/XMLSchema#integer", "value": "4" }},
    { "AlmaMater": { "type": "uri", "value": "http://dbpedia.org/resource/Boston_College" }	, "NumberOfPresidents": { "type": "typed-literal", "datatype": "http://www.w3.org/2001/XMLSchema#integer", "value": "4" }},
    { "AlmaMater": { "type": "uri", "value": "http://dbpedia.org/resource/University_of_Denver" }	, "NumberOfPresidents": { "type": "typed-literal", "datatype": "http://www.w3.org/2001/XMLSchema#integer", "value": "4" }},
    { "AlmaMater": { "type": "uri", "value": "http://dbpedia.org/resource/Saint_Louis_University" }	, "NumberOfPresidents": { "type": "typed-literal", "datatype": "http://www.w3.org/2001/XMLSchema#integer", "value": "4" }},
    { "AlmaMater": { "type": "uri", "value": "http://dbpedia.org/resource/Massachusetts_Institute_of_Technology" }	, "NumberOfPresidents": { "type": "typed-literal", "datatype": "http://www.w3.org/2001/XMLSchema#integer", "value": "4" }},
    { "AlmaMater": { "type": "uri", "value": "http://dbpedia.org/resource/Columbia_University" }	, "NumberOfPresidents": { "type": "typed-literal", "datatype": "http://www.w3.org/2001/XMLSchema#integer", "value": "4" }},
    { "AlmaMater": { "type": "uri", "value": "http://dbpedia.org/resource/University_College_London" }	, "NumberOfPresidents": { "type": "typed-literal", "datatype": "http://www.w3.org/2001/XMLSchema#integer", "value": "4" }},
    { "AlmaMater": { "type": "uri", "value": "http://dbpedia.org/resource/Rensselaer_Polytechnic_Institute" }	, "NumberOfPresidents": { "type": "typed-literal", "datatype": "http://www.w3.org/2001/XMLSchema#integer", "value": "4" }},
    { "AlmaMater": { "type": "uri", "value": "http://dbpedia.org/resource/University_of_California,_Los_Angeles" }	, "NumberOfPresidents": { "type": "typed-literal", "datatype": "http://www.w3.org/2001/XMLSchema#integer", "value": "4" }},
    { "AlmaMater": { "type": "uri", "value": "http://dbpedia.org/resource/California_Institute_of_Technology" }	, "NumberOfPresidents": { "type": "typed-literal", "datatype": "http://www.w3.org/2001/XMLSchema#integer", "value": "4" }},
    { "AlmaMater": { "type": "uri", "value": "http://dbpedia.org/resource/Oberlin_College" }	, "NumberOfPresidents": { "type": "typed-literal", "datatype": "http://www.w3.org/2001/XMLSchema#integer", "value": "4" }},
    { "AlmaMater": { "type": "uri", "value": "http://dbpedia.org/resource/Framingham_State_University" }	, "NumberOfPresidents": { "type": "typed-literal", "datatype": "http://www.w3.org/2001/XMLSchema#integer", "value": "4" }},
    { "AlmaMater": { "type": "uri", "value": "http://dbpedia.org/resource/University_of_San_Francisco" }	, "NumberOfPresidents": { "type": "typed-literal", "datatype": "http://www.w3.org/2001/XMLSchema#integer", "value": "4" }},
    { "AlmaMater": { "type": "uri", "value": "http://dbpedia.org/resource/Saint_Vincent_College" }	, "NumberOfPresidents": { "type": "typed-literal", "datatype": "http://www.w3.org/2001/XMLSchema#integer", "value": "4" }},
    { "AlmaMater": { "type": "uri", "value": "http://dbpedia.org/resource/St._John's_University_(New_York_City)" }	, "NumberOfPresidents": { "type": "typed-literal", "datatype": "http://www.w3.org/2001/XMLSchema#integer", "value": "4" }},
    { "AlmaMater": { "type": "uri", "value": "http://dbpedia.org/resource/Indiana_University_\u2013_Purdue_University_Indianapolis" }	, "NumberOfPresidents": { "type": "typed-literal", "datatype": "http://www.w3.org/2001/XMLSchema#integer", "value": "4" }},
    { "AlmaMater": { "type": "uri", "value": "http://dbpedia.org/resource/Arizona_State_University" }	, "NumberOfPresidents": { "type": "typed-literal", "datatype": "http://www.w3.org/2001/XMLSchema#integer", "value": "4" }},
    { "AlmaMater": { "type": "uri", "value": "http://dbpedia.org/resource/Wesleyan_University" }	, "NumberOfPresidents": { "type": "typed-literal", "datatype": "http://www.w3.org/2001/XMLSchema#integer", "value": "4" }},
    { "AlmaMater": { "type": "uri", "value": "http://dbpedia.org/resource/University_of_Alberta" }	, "NumberOfPresidents": { "type": "typed-literal", "datatype": "http://www.w3.org/2001/XMLSchema#integer", "value": "4" }},
    { "AlmaMater": { "type": "uri", "value": "http://dbpedia.org/resource/Kansas_State_University" }	, "NumberOfPresidents": { "type": "typed-literal", "datatype": "http://www.w3.org/2001/XMLSchema#integer", "value": "4" }},
    { "AlmaMater": { "type": "uri", "value": "http://dbpedia.org/resource/University_of_California" }	, "NumberOfPresidents": { "type": "typed-literal", "datatype": "http://www.w3.org/2001/XMLSchema#integer", "value": "4" }},
    { "AlmaMater": { "type": "uri", "value": "http://dbpedia.org/resource/University_of_California,_Davis" }	, "NumberOfPresidents": { "type": "typed-literal", "datatype": "http://www.w3.org/2001/XMLSchema#integer", "value": "4" }},
    { "AlmaMater": { "type": "uri", "value": "http://dbpedia.org/resource/University_of_Toledo" }	, "NumberOfPresidents": { "type": "typed-literal", "datatype": "http://www.w3.org/2001/XMLSchema#integer", "value": "4" }},
    { "AlmaMater": { "type": "uri", "value": "http://dbpedia.org/resource/Abilene_Christian_University" }	, "NumberOfPresidents": { "type": "typed-literal", "datatype": "http://www.w3.org/2001/XMLSchema#integer", "value": "4" }},
    { "AlmaMater": { "type": "uri", "value": "http://dbpedia.org/resource/Swarthmore_College" }	, "NumberOfPresidents": { "type": "typed-literal", "datatype": "http://www.w3.org/2001/XMLSchema#integer", "value": "4" }},
    { "AlmaMater": { "type": "uri", "value": "http://dbpedia.org/resource/University_of_Toronto" }	, "NumberOfPresidents": { "type": "typed-literal", "datatype": "http://www.w3.org/2001/XMLSchema#integer", "value": "4" }},
    { "AlmaMater": { "type": "uri", "value": "http://dbpedia.org/resource/University_of_East_Anglia" }	, "NumberOfPresidents": { "type": "typed-literal", "datatype": "http://www.w3.org/2001/XMLSchema#integer", "value": "4" }},
    { "AlmaMater": { "type": "uri", "value": "http://dbpedia.org/resource/University_of_Texas_at_Austin" }	, "NumberOfPresidents": { "type": "typed-literal", "datatype": "http://www.w3.org/2001/XMLSchema#integer", "value": "3" }},
    { "AlmaMater": { "type": "uri", "value": "http://dbpedia.org/resource/Washington_University_School_of_Medicine" }	, "NumberOfPresidents": { "type": "typed-literal", "datatype": "http://www.w3.org/2001/XMLSchema#integer", "value": "3" }},
    { "AlmaMater": { "type": "uri", "value": "http://dbpedia.org/resource/Texas_A&M_University" }	, "NumberOfPresidents": { "type": "typed-literal", "datatype": "http://www.w3.org/2001/XMLSchema#integer", "value": "3" }},
    { "AlmaMater": { "type": "uri", "value": "http://dbpedia.org/resource/Newcastle_University" }	, "NumberOfPresidents": { "type": "typed-literal", "datatype": "http://www.w3.org/2001/XMLSchema#integer", "value": "2" }},
    { "AlmaMater": { "type": "uri", "value": "http://dbpedia.org/resource/University_of_Delaware" }	, "NumberOfPresidents": { "type": "typed-literal", "datatype": "http://www.w3.org/2001/XMLSchema#integer", "value": "2" }},
    { "AlmaMater": { "type": "uri", "value": "http://dbpedia.org/resource/Bryn_Mawr_College" }	, "NumberOfPresidents": { "type": "typed-literal", "datatype": "http://www.w3.org/2001/XMLSchema#integer", "value": "2" }},
    { "AlmaMater": { "type": "uri", "value": "http://dbpedia.org/resource/McGill_University" }	, "NumberOfPresidents": { "type": "typed-literal", "datatype": "http://www.w3.org/2001/XMLSchema#integer", "value": "2" }},
    { "AlmaMater": { "type": "uri", "value": "http://dbpedia.org/resource/University_of_Illinois_at_Urbana\u2013Champaign" }	, "NumberOfPresidents": { "type": "typed-literal", "datatype": "http://www.w3.org/2001/XMLSchema#integer", "value": "2" }},
    { "AlmaMater": { "type": "uri", "value": "http://dbpedia.org/resource/Pennsylvania_State_University" }	, "NumberOfPresidents": { "type": "typed-literal", "datatype": "http://www.w3.org/2001/XMLSchema#integer", "value": "2" }},
    { "AlmaMater": { "type": "uri", "value": "http://dbpedia.org/resource/Georgetown_University" }	, "NumberOfPresidents": { "type": "typed-literal", "datatype": "http://www.w3.org/2001/XMLSchema#integer", "value": "2" }},
    { "AlmaMater": { "type": "uri", "value": "http://dbpedia.org/resource/London_School_of_Economics" }	, "NumberOfPresidents": { "type": "typed-literal", "datatype": "http://www.w3.org/2001/XMLSchema#integer", "value": "2" }},
    { "AlmaMater": { "type": "uri", "value": "http://dbpedia.org/resource/University_of_Tennessee" }	, "NumberOfPresidents": { "type": "typed-literal", "datatype": "http://www.w3.org/2001/XMLSchema#integer", "value": "2" }},
    { "AlmaMater": { "type": "uri", "value": "http://dbpedia.org/resource/Tuskegee_University" }	, "NumberOfPresidents": { "type": "typed-literal", "datatype": "http://www.w3.org/2001/XMLSchema#integer", "value": "2" }},
    { "AlmaMater": { "type": "uri", "value": "http://dbpedia.org/resource/St._Bonaventure_University" }	, "NumberOfPresidents": { "type": "typed-literal", "datatype": "http://www.w3.org/2001/XMLSchema#integer", "value": "2" }},
    { "AlmaMater": { "type": "uri", "value": "http://dbpedia.org/resource/Brigham_Young_University" }	, "NumberOfPresidents": { "type": "typed-literal", "datatype": "http://www.w3.org/2001/XMLSchema#integer", "value": "2" }},
    { "AlmaMater": { "type": "uri", "value": "http://dbpedia.org/resource/Indian_Institute_of_Technology_Madras" }	, "NumberOfPresidents": { "type": "typed-literal", "datatype": "http://www.w3.org/2001/XMLSchema#integer", "value": "2" }},
    { "AlmaMater": { "type": "uri", "value": "http://dbpedia.org/resource/Brown_University" }	, "NumberOfPresidents": { "type": "typed-literal", "datatype": "http://www.w3.org/2001/XMLSchema#integer", "value": "2" }},
    { "AlmaMater": { "type": "uri", "value": "http://dbpedia.org/resource/University_of_Massachusetts_Amherst" }	, "NumberOfPresidents": { "type": "typed-literal", "datatype": "http://www.w3.org/2001/XMLSchema#integer", "value": "2" }},
    { "AlmaMater": { "type": "uri", "value": "http://dbpedia.org/resource/Queens_College,_City_University_of_New_York" }	, "NumberOfPresidents": { "type": "typed-literal", "datatype": "http://www.w3.org/2001/XMLSchema#integer", "value": "2" }},
    { "AlmaMater": { "type": "uri", "value": "http://dbpedia.org/resource/Texas_Tech_University" }	, "NumberOfPresidents": { "type": "typed-literal", "datatype": "http://www.w3.org/2001/XMLSchema#integer", "value": "2" }},
    { "AlmaMater": { "type": "uri", "value": "http://dbpedia.org/resource/University_of_St._Thomas_(Minnesota)" }	, "NumberOfPresidents": { "type": "typed-literal", "datatype": "http://www.w3.org/2001/XMLSchema#integer", "value": "2" }},
    { "AlmaMater": { "type": "uri", "value": "http://dbpedia.org/resource/University_of_Alaska_Fairbanks" }	, "NumberOfPresidents": { "type": "typed-literal", "datatype": "http://www.w3.org/2001/XMLSchema#integer", "value": "2" }},
    { "AlmaMater": { "type": "uri", "value": "http://dbpedia.org/resource/Baldwin_Wallace_University" }	, "NumberOfPresidents": { "type": "typed-literal", "datatype": "http://www.w3.org/2001/XMLSchema#integer", "value": "2" }},
    { "AlmaMater": { "type": "uri", "value": "http://dbpedia.org/resource/Ohio_State_University" }	, "NumberOfPresidents": { "type": "typed-literal", "datatype": "http://www.w3.org/2001/XMLSchema#integer", "value": "2" }},
    { "AlmaMater": { "type": "uri", "value": "http://dbpedia.org/resource/Emory_and_Henry_College" }	, "NumberOfPresidents": { "type": "typed-literal", "datatype": "http://www.w3.org/2001/XMLSchema#integer", "value": "2" }},
    { "AlmaMater": { "type": "uri", "value": "http://dbpedia.org/resource/University_of_South_Carolina" }	, "NumberOfPresidents": { "type": "typed-literal", "datatype": "http://www.w3.org/2001/XMLSchema#integer", "value": "2" }},
    { "AlmaMater": { "type": "uri", "value": "http://dbpedia.org/resource/Dalhousie_University" }	, "NumberOfPresidents": { "type": "typed-literal", "datatype": "http://www.w3.org/2001/XMLSchema#integer", "value": "2" }},
    { "AlmaMater": { "type": "uri", "value": "http://dbpedia.org/resource/Virginia_Tech" }	, "NumberOfPresidents": { "type": "typed-literal", "datatype": "http://www.w3.org/2001/XMLSchema#integer", "value": "2" }},
    { "AlmaMater": { "type": "uri", "value": "http://dbpedia.org/resource/University_of_Oklahoma" }	, "NumberOfPresidents": { "type": "typed-literal", "datatype": "http://www.w3.org/2001/XMLSchema#integer", "value": "2" }},
    { "AlmaMater": { "type": "uri", "value": "http://dbpedia.org/resource/Vanguard_University" }	, "NumberOfPresidents": { "type": "typed-literal", "datatype": "http://www.w3.org/2001/XMLSchema#integer", "value": "2" }},
    { "AlmaMater": { "type": "uri", "value": "http://dbpedia.org/resource/University_of_Texas_at_Arlington" }	, "NumberOfPresidents": { "type": "typed-literal", "datatype": "http://www.w3.org/2001/XMLSchema#integer", "value": "2" }},
    { "AlmaMater": { "type": "uri", "value": "http://dbpedia.org/resource/Teachers_College,_Columbia_University" }	, "NumberOfPresidents": { "type": "typed-literal", "datatype": "http://www.w3.org/2001/XMLSchema#integer", "value": "2" }},
    { "AlmaMater": { "type": "uri", "value": "http://dbpedia.org/resource/Boston_University" }	, "NumberOfPresidents": { "type": "typed-literal", "datatype": "http://www.w3.org/2001/XMLSchema#integer", "value": "2" }},
    { "AlmaMater": { "type": "uri", "value": "http://dbpedia.org/resource/John_Carroll_University" }	, "NumberOfPresidents": { "type": "typed-literal", "datatype": "http://www.w3.org/2001/XMLSchema#integer", "value": "2" }},
    { "AlmaMater": { "type": "uri", "value": "http://dbpedia.org/resource/Dillard_University" }	, "NumberOfPresidents": { "type": "typed-literal", "datatype": "http://www.w3.org/2001/XMLSchema#integer", "value": "2" }},
    { "AlmaMater": { "type": "uri", "value": "http://dbpedia.org/resource/North_Carolina_Central_University" }	, "NumberOfPresidents": { "type": "typed-literal", "datatype": "http://www.w3.org/2001/XMLSchema#integer", "value": "2" }},
    { "AlmaMater": { "type": "uri", "value": "http://dbpedia.org/resource/Western_Washington_University" }	, "NumberOfPresidents": { "type": "typed-literal", "datatype": "http://www.w3.org/2001/XMLSchema#integer", "value": "2" }},
    { "AlmaMater": { "type": "uri", "value": "http://dbpedia.org/resource/University_of_London" }	, "NumberOfPresidents": { "type": "typed-literal", "datatype": "http://www.w3.org/2001/XMLSchema#integer", "value": "2" }},
    { "AlmaMater": { "type": "uri", "value": "http://dbpedia.org/resource/University_of_Oregon" }	, "NumberOfPresidents": { "type": "typed-literal", "datatype": "http://www.w3.org/2001/XMLSchema#integer", "value": "2" }},
    { "AlmaMater": { "type": "uri", "value": "http://dbpedia.org/resource/University_of_Oxford" }	, "NumberOfPresidents": { "type": "typed-literal", "datatype": "http://www.w3.org/2001/XMLSchema#integer", "value": "2" }},
    { "AlmaMater": { "type": "uri", "value": "http://dbpedia.org/resource/Allegheny_College" }	, "NumberOfPresidents": { "type": "typed-literal", "datatype": "http://www.w3.org/2001/XMLSchema#integer", "value": "2" }},
    { "AlmaMater": { "type": "uri", "value": "http://dbpedia.org/resource/Barry_University" }	, "NumberOfPresidents": { "type": "typed-literal", "datatype": "http://www.w3.org/2001/XMLSchema#integer", "value": "2" }},
    { "AlmaMater": { "type": "uri", "value": "http://dbpedia.org/resource/University_of_Queensland" }	, "NumberOfPresidents": { "type": "typed-literal", "datatype": "http://www.w3.org/2001/XMLSchema#integer", "value": "2" }},
    { "AlmaMater": { "type": "uri", "value": "http://dbpedia.org/resource/Gettysburg_College" }	, "NumberOfPresidents": { "type": "typed-literal", "datatype": "http://www.w3.org/2001/XMLSchema#integer", "value": "2" }},
    { "AlmaMater": { "type": "uri", "value": "http://dbpedia.org/resource/Baylor_University" }	, "NumberOfPresidents": { "type": "typed-literal", "datatype": "http://www.w3.org/2001/XMLSchema#integer", "value": "2" }},
    { "AlmaMater": { "type": "uri", "value": "http://dbpedia.org/resource/University_of_Tennessee_at_Martin" }	, "NumberOfPresidents": { "type": "typed-literal", "datatype": "http://www.w3.org/2001/XMLSchema#integer", "value": "2" }},
    { "AlmaMater": { "type": "uri", "value": "http://dbpedia.org/resource/Pittsburg_State_University" }	, "NumberOfPresidents": { "type": "typed-literal", "datatype": "http://www.w3.org/2001/XMLSchema#integer", "value": "2" }},
    { "AlmaMater": { "type": "uri", "value": "http://dbpedia.org/resource/Union_Presbyterian_Seminary" }	, "NumberOfPresidents": { "type": "typed-literal", "datatype": "http://www.w3.org/2001/XMLSchema#integer", "value": "2" }},
    { "AlmaMater": { "type": "uri", "value": "http://dbpedia.org/resource/Nyack_College" }	, "NumberOfPresidents": { "type": "typed-literal", "datatype": "http://www.w3.org/2001/XMLSchema#integer", "value": "2" }},
    { "AlmaMater": { "type": "uri", "value": "http://dbpedia.org/resource/University_of_Virginia_School_of_Law" }	, "NumberOfPresidents": { "type": "typed-literal", "datatype": "http://www.w3.org/2001/XMLSchema#integer", "value": "2" }},
    { "AlmaMater": { "type": "uri", "value": "http://dbpedia.org/resource/Tufts_University" }	, "NumberOfPresidents": { "type": "typed-literal", "datatype": "http://www.w3.org/2001/XMLSchema#integer", "value": "1" }},
    { "AlmaMater": { "type": "uri", "value": "http://dbpedia.org/resource/University_of_Kentucky" }	, "NumberOfPresidents": { "type": "typed-literal", "datatype": "http://www.w3.org/2001/XMLSchema#integer", "value": "1" }},
    { "AlmaMater": { "type": "uri", "value": "http://dbpedia.org/resource/Lee_University" }	, "NumberOfPresidents": { "type": "typed-literal", "datatype": "http://www.w3.org/2001/XMLSchema#integer", "value": "1" }},
    { "AlmaMater": { "type": "uri", "value": "http://dbpedia.org/resource/Columbia_Law_School" }	, "NumberOfPresidents": { "type": "typed-literal", "datatype": "http://www.w3.org/2001/XMLSchema#integer", "value": "1" }},
    { "AlmaMater": { "type": "uri", "value": "http://dbpedia.org/resource/Western_Illinois_University" }	, "NumberOfPresidents": { "type": "typed-literal", "datatype": "http://www.w3.org/2001/XMLSchema#integer", "value": "1" }},
    { "AlmaMater": { "type": "uri", "value": "http://dbpedia.org/resource/Harris_School_of_Public_Policy_Studies" }	, "NumberOfPresidents": { "type": "typed-literal", "datatype": "http://www.w3.org/2001/XMLSchema#integer", "value": "1" }},
    { "AlmaMater": { "type": "uri", "value": "http://dbpedia.org/resource/Wichita_State_University" }	, "NumberOfPresidents": { "type": "typed-literal", "datatype": "http://www.w3.org/2001/XMLSchema#integer", "value": "1" }},
    { "AlmaMater": { "type": "uri", "value": "http://dbpedia.org/resource/Jesuit_School_of_Theology_of_Santa_Clara_University" }	, "NumberOfPresidents": { "type": "typed-literal", "datatype": "http://www.w3.org/2001/XMLSchema#integer", "value": "1" }},
    { "AlmaMater": { "type": "uri", "value": "http://dbpedia.org/resource/Mercer_University" }	, "NumberOfPresidents": { "type": "typed-literal", "datatype": "http://www.w3.org/2001/XMLSchema#integer", "value": "1" }},
    { "AlmaMater": { "type": "uri", "value": "http://dbpedia.org/resource/Osgoode_Hall_Law_School" }	, "NumberOfPresidents": { "type": "typed-literal", "datatype": "http://www.w3.org/2001/XMLSchema#integer", "value": "1" }},
    { "AlmaMater": { "type": "uri", "value": "http://dbpedia.org/resource/Bank_Street_College_of_Education" }	, "NumberOfPresidents": { "type": "typed-literal", "datatype": "http://www.w3.org/2001/XMLSchema#integer", "value": "1" }},
    { "AlmaMater": { "type": "uri", "value": "http://dbpedia.org/resource/Clearwater_Christian_College" }	, "NumberOfPresidents": { "type": "typed-literal", "datatype": "http://www.w3.org/2001/XMLSchema#integer", "value": "1" }},
    { "AlmaMater": { "type": "uri", "value": "http://dbpedia.org/resource/Mount_Allison_University" }	, "NumberOfPresidents": { "type": "typed-literal", "datatype": "http://www.w3.org/2001/XMLSchema#integer", "value": "1" }},
    { "AlmaMater": { "type": "uri", "value": "http://dbpedia.org/resource/Pontifical_Gregorian_University" }	, "NumberOfPresidents": { "type": "typed-literal", "datatype": "http://www.w3.org/2001/XMLSchema#integer", "value": "1" }},
    { "AlmaMater": { "type": "uri", "value": "http://dbpedia.org/resource/Pepperdine_University" }	, "NumberOfPresidents": { "type": "typed-literal", "datatype": "http://www.w3.org/2001/XMLSchema#integer", "value": "1" }},
    { "AlmaMater": { "type": "uri", "value": "http://dbpedia.org/resource/Vassar_College" }	, "NumberOfPresidents": { "type": "typed-literal", "datatype": "http://www.w3.org/2001/XMLSchema#integer", "value": "1" }},
    { "AlmaMater": { "type": "uri", "value": "http://dbpedia.org/resource/University_of_Notre_Dame" }	, "NumberOfPresidents": { "type": "typed-literal", "datatype": "http://www.w3.org/2001/XMLSchema#integer", "value": "1" }},
    { "AlmaMater": { "type": "uri", "value": "http://dbpedia.org/resource/Graduate_Theological_Union" }	, "NumberOfPresidents": { "type": "typed-literal", "datatype": "http://www.w3.org/2001/XMLSchema#integer", "value": "1" }},
    { "AlmaMater": { "type": "uri", "value": "http://dbpedia.org/resource/St._Michael's_College,_Toronto" }	, "NumberOfPresidents": { "type": "typed-literal", "datatype": "http://www.w3.org/2001/XMLSchema#integer", "value": "1" }},
    { "AlmaMater": { "type": "uri", "value": "http://dbpedia.org/resource/University_of_Kansas" }	, "NumberOfPresidents": { "type": "typed-literal", "datatype": "http://www.w3.org/2001/XMLSchema#integer", "value": "1" }},
    { "AlmaMater": { "type": "uri", "value": "http://dbpedia.org/resource/Arkansas_State_University" }	, "NumberOfPresidents": { "type": "typed-literal", "datatype": "http://www.w3.org/2001/XMLSchema#integer", "value": "1" }},
    { "AlmaMater": { "type": "uri", "value": "http://dbpedia.org/resource/University_of_Minnesota_Law_School" }	, "NumberOfPresidents": { "type": "typed-literal", "datatype": "http://www.w3.org/2001/XMLSchema#integer", "value": "1" }} ] } }