
{ "head": { "link": [], "vars": ["Person"] },
  "results": { "distinct": false, "ordered": true, "bindings": [
    { "Person": { "type": "uri", "value": "http://dbpedia.org/resource/Alonzo_Church" }},
    { "Person": { "type": "uri", "value": "http://dbpedia.org/resource/Robin_Gandy" }},
    { "Person": { "type": "uri", "value": "http://dbpedia.org/resource/Max_Newman" }},
    { "Person": { "type": "uri", "value": "http://dbpedia.org/resource/Ludwig_Wittgenstein" }},
    { "Person": { "type": "uri", "value": "http://dbpedia.org/resource/Ned_Block" }},
    { "Person": { "type": "uri", "value": "http://dbpedia.org/resource/Ilya_Prigogine" }},
    { "Person": { "type": "uri", "value": "http://dbpedia.org/resource/Jack_Copeland" }},
    { "Person": { "type": "uri", "value": "http://dbpedia.org/resource/Hilary_Putnam" }},
    { "Person": { "type": "uri", "value": "http://dbpedia.org/resource/Jonathan_Bowen" }},
    { "Person": { "type": "uri", "value": "http://dbpedia.org/resource/Stevan_Harnad" }},
    { "Person": { "type": "uri", "value": "http://dbpedia.org/resource/Gisbert_Hasenjaeger" }},
    { "Person": { "type": "uri", "value": "http://dbpedia.org/resource/Joan_Clarke" }},
    { "Person": { "type": "uri", "value": "http://dbpedia.org/resource/Heinrich_Scholz" }},
    { "Person": { "type": "uri", "value": "http://dbpedia.org/resource/Raymond_Smullyan" }},
    { "Person": { "type": "uri", "value": "http://dbpedia.org/resource/Jeff_Paris" }},
    { "Person": { "type": "uri", "value": "http://dbpedia.org/resource/Sze-Tsen_Hu" }},
    { "Person": { "type": "uri", "value": "http://dbpedia.org/resource/Martin_Hyland" }},
    { "Person": { "type": "uri", "value": "http://dbpedia.org/resource/Alfred_Foster_(mathematician)" }},
    { "Person": { "type": "uri", "value": "http://dbpedia.org/resource/Dana_Scott" }},
    { "Person": { "type": "uri", "value": "http://dbpedia.org/resource/David_Kaplan_(philosopher)" }},
    { "Person": { "type": "uri", "value": "http://dbpedia.org/resource/George_Alfred_Barnard" }},
    { "Person": { "type": "uri", "value": "http://dbpedia.org/resource/J._Barkley_Rosser" }},
    { "Person": { "type": "uri", "value": "http://dbpedia.org/resource/Martin_Davis" }},
    { "Person": { "type": "uri", "value": "http://dbpedia.org/resource/Michael_O._Rabin" }},
    { "Person": { "type": "uri", "value": "http://dbpedia.org/resource/Oswald_Veblen" }},
    { "Person": { "type": "uri", "value": "http://dbpedia.org/resource/Nathan_Salmon" }},
    { "Person": { "type": "uri", "value": "http://dbpedia.org/resource/Nicholas_Rescher" }},
    { "Person": { "type": "uri", "value": "http://dbpedia.org/resource/Stephen_Cole_Kleene" }},
    { "Person": { "type": "uri", "value": "http://dbpedia.org/resource/Nicholas_Rescher__Nicholas_Rescher__1" }},
    { "Person": { "type": "uri", "value": "http://dbpedia.org/resource/William_Boone_(mathematician)" }},
    { "Person": { "type": "uri", "value": "http://dbpedia.org/resource/Frank_Adams" }},
    { "Person": { "type": "uri", "value": "http://dbpedia.org/resource/Michael_Fourman" }},
    { "Person": { "type": "uri", "value": "http://dbpedia.org/resource/Louis_J._Mordell" }},
    { "Person": { "type": "uri", "value": "http://dbpedia.org/resource/George_Boolos" }},
    { "Person": { "type": "uri", "value": "http://dbpedia.org/resource/Hans_Reichenbach" }},
    { "Person": { "type": "uri", "value": "http://dbpedia.org/resource/John_Worrall_(philosopher)" }},
    { "Person": { "type": "uri", "value": "http://dbpedia.org/resource/Martha_Nussbaum" }},
    { "Person": { "type": "uri", "value": "http://dbpedia.org/resource/Tyler_Burge" }},
    { "Person": { "type": "uri", "value": "http://dbpedia.org/resource/Arthur_Schopenhauer" }},
    { "Person": { "type": "uri", "value": "http://dbpedia.org/resource/Fyodor_Dostoyevsky" }},
    { "Person": { "type": "uri", "value": "http://dbpedia.org/resource/S\u00F8ren_Kierkegaard" }},
    { "Person": { "type": "uri", "value": "http://dbpedia.org/resource/Baruch_Spinoza" }},
    { "Person": { "type": "uri", "value": "http://dbpedia.org/resource/Charles_Sanders_Peirce" }},
    { "Person": { "type": "uri", "value": "http://dbpedia.org/resource/Edmund_Husserl" }},
    { "Person": { "type": "uri", "value": "http://dbpedia.org/resource/Heinrich_Hertz" }},
    { "Person": { "type": "uri", "value": "http://dbpedia.org/resource/Henri_Bergson" }},
    { "Person": { "type": "uri", "value": "http://dbpedia.org/resource/Hermann_von_Helmholtz" }},
    { "Person": { "type": "uri", "value": "http://dbpedia.org/resource/Immanuel_Kant" }},
    { "Person": { "type": "uri", "value": "http://dbpedia.org/resource/John_McDowell" }},
    { "Person": { "type": "uri", "value": "http://dbpedia.org/resource/Noam_Chomsky" }},
    { "Person": { "type": "uri", "value": "http://dbpedia.org/resource/Oswald_Spengler" }},
    { "Person": { "type": "uri", "value": "http://dbpedia.org/resource/Rudolf_Carnap" }},
    { "Person": { "type": "uri", "value": "http://dbpedia.org/resource/Karl_Marx" }},
    { "Person": { "type": "uri", "value": "http://dbpedia.org/resource/Michael_J._C._Gordon" }},
    { "Person": { "type": "uri", "value": "http://dbpedia.org/resource/Bertrand_Russell" }},
    { "Person": { "type": "uri", "value": "http://dbpedia.org/resource/Charles_Darwin" }},
    { "Person": { "type": "uri", "value": "http://dbpedia.org/resource/Donald_Davidson_(philosopher)" }},
    { "Person": { "type": "uri", "value": "http://dbpedia.org/resource/Sigmund_Freud" }},
    { "Person": { "type": "uri", "value": "http://dbpedia.org/resource/William_James" }},
    { "Person": { "type": "uri", "value": "http://dbpedia.org/resource/Alvin_Plantinga" }},
    { "Person": { "type": "uri", "value": "http://dbpedia.org/resource/Joan_Clark" }},
    { "Person": { "type": "uri", "value": "http://dbpedia.org/resource/Daniel_Dennett" }},
    { "Person": { "type": "uri", "value": "http://dbpedia.org/resource/Leo_Tolstoy" }},
    { "Person": { "type": "uri", "value": "http://dbpedia.org/resource/John_Dewey" }},
    { "Person": { "type": "uri", "value": "http://dbpedia.org/resource/Julian_Jaynes" }},
    { "Person": { "type": "uri", "value": "http://dbpedia.org/resource/Paul_Feyerabend" }},
    { "Person": { "type": "uri", "value": "http://dbpedia.org/resource/Adolf_Loos" }},
    { "Person": { "type": "uri", "value": "http://dbpedia.org/resource/Cora_Diamond" }},
    { "Person": { "type": "uri", "value": "http://dbpedia.org/resource/Frank_P._Ramsey" }},
    { "Person": { "type": "uri", "value": "http://dbpedia.org/resource/G._E._Moore" }},
    { "Person": { "type": "uri", "value": "http://dbpedia.org/resource/Gilbert_Ryle" }},
    { "Person": { "type": "uri", "value": "http://dbpedia.org/resource/Gottlob_Frege" }},
    { "Person": { "type": "uri", "value": "http://dbpedia.org/resource/Ian_Hacking" }},
    { "Person": { "type": "uri", "value": "http://dbpedia.org/resource/Jean-Fran\u00E7ois_Lyotard" }},
    { "Person": { "type": "uri", "value": "http://dbpedia.org/resource/John_Searle" }},
    { "Person": { "type": "uri", "value": "http://dbpedia.org/resource/Jules_Vuillemin" }},
    { "Person": { "type": "uri", "value": "http://dbpedia.org/resource/Ludwig_Boltzmann" }},
    { "Person": { "type": "uri", "value": "http://dbpedia.org/resource/Otto_Weininger" }},
    { "Person": { "type": "uri", "value": "http://dbpedia.org/resource/Paul_Wittgenstein" }},
    { "Person": { "type": "uri", "value": "http://dbpedia.org/resource/Peter_Geach" }},
    { "Person": { "type": "uri", "value": "http://dbpedia.org/resource/Peter_Hacker" }},
    { "Person": { "type": "uri", "value": "http://dbpedia.org/resource/Piero_Sraffa" }},
    { "Person": { "type": "uri", "value": "http://dbpedia.org/resource/Reuben_Goodstein" }},
    { "Person": { "type": "uri", "value": "http://dbpedia.org/resource/Richard_Rorty" }},
    { "Person": { "type": "uri", "value": "http://dbpedia.org/resource/Saul_Kripke" }},
    { "Person": { "type": "uri", "value": "http://dbpedia.org/resource/Stephen_Toulmin" }},
    { "Person": { "type": "uri", "value": "http://dbpedia.org/resource/L._E._J._Brouwer" }},
    { "Person": { "type": "uri", "value": "http://dbpedia.org/resource/Jerry_Fodor" }},
    { "Person": { "type": "uri", "value": "http://dbpedia.org/resource/Adi_Bulsara" }},
    { "Person": { "type": "uri", "value": "http://dbpedia.org/resource/Michel_Serres" }},
    { "Person": { "type": "uri", "value": "http://dbpedia.org/resource/Alice_Crary" }},
    { "Person": { "type": "uri", "value": "http://dbpedia.org/resource/Dines_Bj\u00F8rner" }},
    { "Person": { "type": "uri", "value": "http://dbpedia.org/resource/Nelson_Goodman" }},
    { "Person": { "type": "uri", "value": "http://dbpedia.org/resource/Thomas_Kuhn" }},
    { "Person": { "type": "uri", "value": "http://dbpedia.org/resource/Willard_Van_Orman_Quine" }},
    { "Person": { "type": "uri", "value": "http://dbpedia.org/resource/Cliff_Jones_(computer_scientist)" }},
    { "Person": { "type": "uri", "value": "http://dbpedia.org/resource/Tony_Hoare" }},
    { "Person": { "type": "uri", "value": "http://dbpedia.org/resource/Donald_O._Hebb" }},
    { "Person": { "type": "uri", "value": "http://dbpedia.org/resource/Th\u00E9ophile_de_Donder" }},
    { "Person": { "type": "uri", "value": "http://dbpedia.org/resource/Ronald_Jensen" }},
    { "Person": { "type": "uri", "value": "http://dbpedia.org/resource/Paul_Benacerraf" }},
    { "Person": { "type": "uri", "value": "http://dbpedia.org/resource/Alfred_North_Whitehead" }},
    { "Person": { "type": "uri", "value": "http://dbpedia.org/resource/Karl_Schr\u00F6ter" }},
    { "Person": { "type": "uri", "value": "http://dbpedia.org/resource/Bernard_Bolzano" }},
    { "Person": { "type": "uri", "value": "http://dbpedia.org/resource/Friedrich_Schleiermacher" }},
    { "Person": { "type": "uri", "value": "http://dbpedia.org/resource/Adolf_von_Harnack" }},
    { "Person": { "type": "uri", "value": "http://dbpedia.org/resource/Otto_Toeplitz" }},
    { "Person": { "type": "uri", "value": "http://dbpedia.org/resource/Hans_Hermes" }},
    { "Person": { "type": "uri", "value": "http://dbpedia.org/resource/John_Niemeyer_Findlay" }},
    { "Person": { "type": "uri", "value": "http://dbpedia.org/resource/Charles_Stevenson" }},
    { "Person": { "type": "uri", "value": "http://dbpedia.org/resource/Karl_Wittgenstein" }},
    { "Person": { "type": "uri", "value": "http://dbpedia.org/resource/Margaret_Stonborough-Wittgenstein" }},
    { "Person": { "type": "uri", "value": "http://dbpedia.org/resource/Robert_Ulanowicz" }},
    { "Person": { "type": "uri", "value": "http://dbpedia.org/resource/Armands_Strazds" }},
    { "Person": { "type": "uri", "value": "http://dbpedia.org/resource/A._J._Ayer" }},
    { "Person": { "type": "uri", "value": "http://dbpedia.org/resource/Augustine_of_Hippo" }},
    { "Person": { "type": "uri", "value": "http://dbpedia.org/resource/R._M._Hare" }},
    { "Person": { "type": "uri", "value": "http://dbpedia.org/resource/J\u00FCrgen_Habermas" }},
    { "Person": { "type": "uri", "value": "http://dbpedia.org/resource/P._F._Strawson" }},
    { "Person": { "type": "uri", "value": "http://dbpedia.org/resource/Stanley_Cavell" }},
    { "Person": { "type": "uri", "value": "http://dbpedia.org/resource/Charles_Taylor_(philosopher)" }},
    { "Person": { "type": "uri", "value": "http://dbpedia.org/resource/Georg_Henrik_von_Wright" }},
    { "Person": { "type": "uri", "value": "http://dbpedia.org/resource/Philippa_Foot" }},
    { "Person": { "type": "uri", "value": "http://dbpedia.org/resource/Robert_Brandom" }},
    { "Person": { "type": "uri", "value": "http://dbpedia.org/resource/John_Hick" }},
    { "Person": { "type": "uri", "value": "http://dbpedia.org/resource/William_H._Poteat" }},
    { "Person": { "type": "uri", "value": "http://dbpedia.org/resource/Michael_Palmer_(poet)" }},
    { "Person": { "type": "uri", "value": "http://dbpedia.org/resource/Clifford_Geertz" }},
    { "Person": { "type": "uri", "value": "http://dbpedia.org/resource/Harry_Frankfurt" }},
    { "Person": { "type": "uri", "value": "http://dbpedia.org/resource/Norwood_Russell_Hanson" }},
    { "Person": { "type": "uri", "value": "http://dbpedia.org/resource/Michael_Tye_(philosopher)" }},
    { "Person": { "type": "uri", "value": "http://dbpedia.org/resource/Friedrich_Hayek" }},
    { "Person": { "type": "uri", "value": "http://dbpedia.org/resource/H._L._A._Hart" }},
    { "Person": { "type": "uri", "value": "http://dbpedia.org/resource/Chris_Bateman" }},
    { "Person": { "type": "uri", "value": "http://dbpedia.org/resource/Burton_Dreben" }},
    { "Person": { "type": "uri", "value": "http://dbpedia.org/resource/Mark_Addis" }},
    { "Person": { "type": "uri", "value": "http://dbpedia.org/resource/Anthony_Kenny" }},
    { "Person": { "type": "uri", "value": "http://dbpedia.org/resource/Crispin_Wright" }},
    { "Person": { "type": "uri", "value": "http://dbpedia.org/resource/Herbert_McCabe" }},
    { "Person": { "type": "uri", "value": "http://dbpedia.org/resource/Kevin_Mulligan" }},
    { "Person": { "type": "uri", "value": "http://dbpedia.org/resource/Dewi_Zephaniah_Phillips" }},
    { "Person": { "type": "uri", "value": "http://dbpedia.org/resource/Norman_Malcolm" }},
    { "Person": { "type": "uri", "value": "http://dbpedia.org/resource/Sandra_Laugier" }},
    { "Person": { "type": "uri", "value": "http://dbpedia.org/resource/Stephen_Mulhall" }},
    { "Person": { "type": "uri", "value": "http://dbpedia.org/resource/Rupert_Read" }},
    { "Person": { "type": "uri", "value": "http://dbpedia.org/resource/Joseph_Margolis" }},
    { "Person": { "type": "uri", "value": "http://dbpedia.org/resource/Heinz_von_Foerster" }},
    { "Person": { "type": "uri", "value": "http://dbpedia.org/resource/Moritz_Schlick" }},
    { "Person": { "type": "uri", "value": "http://dbpedia.org/resource/Roderick_T._Long" }},
    { "Person": { "type": "uri", "value": "http://dbpedia.org/resource/Thomas_Bernhard" }},
    { "Person": { "type": "uri", "value": "http://dbpedia.org/resource/Michael_Williams_(philosopher)" }},
    { "Person": { "type": "uri", "value": "http://dbpedia.org/resource/Max_Black" }},
    { "Person": { "type": "uri", "value": "http://dbpedia.org/resource/Fred_Newman_(philosopher)" }},
    { "Person": { "type": "uri", "value": "http://dbpedia.org/resource/Francis_Heylighen" }},
    { "Person": { "type": "uri", "value": "http://dbpedia.org/resource/Pierre_Hadot" }},
    { "Person": { "type": "uri", "value": "http://dbpedia.org/resource/Kendall_Walton" }},
    { "Person": { "type": "uri", "value": "http://dbpedia.org/resource/Mark_Bevir" }},
    { "Person": { "type": "uri", "value": "http://dbpedia.org/resource/Michele_Marsonet" }},
    { "Person": { "type": "uri", "value": "http://dbpedia.org/resource/Giovanni_Piana" }},
    { "Person": { "type": "uri", "value": "http://dbpedia.org/resource/Arthur_Danto" }},
    { "Person": { "type": "uri", "value": "http://dbpedia.org/resource/Elizabeth_Anscombe" }},
    { "Person": { "type": "uri", "value": "http://dbpedia.org/resource/Ray_Monk" }},
    { "Person": { "type": "uri", "value": "http://dbpedia.org/resource/Rose_Rand" }},
    { "Person": { "type": "uri", "value": "http://dbpedia.org/resource/Max_Bennett_(scientist)" }},
    { "Person": { "type": "uri", "value": "http://dbpedia.org/resource/Seyhan_Kurt" }},
    { "Person": { "type": "uri", "value": "http://dbpedia.org/resource/Simon_Glendinning" }},
    { "Person": { "type": "uri", "value": "http://dbpedia.org/resource/Pascal_Engel" }},
    { "Person": { "type": "uri", "value": "http://dbpedia.org/resource/Jes\u00FAs_Padilla_G\u00E1lvez" }},
    { "Person": { "type": "uri", "value": "http://dbpedia.org/resource/Richard_J._Bernstein" }},
    { "Person": { "type": "uri", "value": "http://dbpedia.org/resource/Masahiro_Morioka" }},
    { "Person": { "type": "uri", "value": "http://dbpedia.org/resource/Tamar_Gendler" }},
    { "Person": { "type": "uri", "value": "http://dbpedia.org/resource/Helmut_Wautischer" }},
    { "Person": { "type": "uri", "value": "http://dbpedia.org/resource/C._J._F._Williams" }},
    { "Person": { "type": "uri", "value": "http://dbpedia.org/resource/Peter_G._Ossorio" }},
    { "Person": { "type": "uri", "value": "http://dbpedia.org/resource/Predrag_Finci" }},
    { "Person": { "type": "uri", "value": "http://dbpedia.org/resource/Peg_O'Connor" }},
    { "Person": { "type": "uri", "value": "http://dbpedia.org/resource/Juliet_Floyd" }},
    { "Person": { "type": "uri", "value": "http://dbpedia.org/resource/Kai_Wehmeier" }},
    { "Person": { "type": "uri", "value": "http://dbpedia.org/resource/Aleksandr_Gorban" }},
    { "Person": { "type": "uri", "value": "http://dbpedia.org/resource/Augustine_of_Hippo__Augustine_of_Hippo__1" }},
    { "Person": { "type": "uri", "value": "http://dbpedia.org/resource/Bartosz_Bro\u017Cek" }} ] } }