<rdf:RDF
      xmlns:rdf="http://www.w3.org/1999/02/22-rdf-syntax-ns#"
      xmlns:rdfs="http://www.w3.org/2000/01/rdf-schema#"
      xmlns:foaf="http://xmlns.com/foaf/0.1/"
      xmlns:admin="http://webns.net/mvcb/">
<foaf:PersonalProfileDocument rdf:about="">
  <foaf:maker rdf:resource="#me"/>
  <foaf:primaryTopic rdf:resource="#me"/>
  <admin:generatorAgent rdf:resource="http://www.ldodds.com/foaf/foaf-a-matic"/>
  <admin:errorReportsTo rdf:resource="mailto:leigh@ldodds.com"/>
 <!-- Additional properties such as Gender and interests are added -->
</foaf:PersonalProfileDocument>
<foaf:Person rdf:ID="me">
<foaf:name>SUSHMITHA MANJUNATHA</foaf:name>
<foaf:givenname>SUSHMITHA</foaf:givenname>
<foaf:family_name>MANJUNATHA</foaf:family_name>
<foaf:nick>CHOTU</foaf:nick>
<foaf:mbox_sha1sum>e6bee22da5950c7cfa900a083e54112b97c4a0a0</foaf:mbox_sha1sum>
<foaf:phone rdf:resource="tel:443-815-9301"/>
<foaf:gender>FEMALE</foaf:gender>
<foaf:interests>Machine_Learning</foaf:interests>
<foaf:schoolHomepage rdf:resource="http://umbc.edu/"/>
<foaf:knows>
<foaf:Person>
<foaf:name>Deepthi</foaf:name>
<foaf:mbox_sha1sum>97f9022413b8797b2a37681e00837e2cfcb21bbe</foaf:mbox_sha1sum></foaf:Person></foaf:knows>
<foaf:knows>
<foaf:Person>
<foaf:name>Rashmi</foaf:name>
<foaf:mbox_sha1sum>bb924c8c1728f1c59e016378dbf1994d1cf2ae8b</foaf:mbox_sha1sum></foaf:Person></foaf:knows>
<foaf:knows>
<foaf:Person>
<foaf:name>Aishwarya</foaf:name>
<foaf:mbox_sha1sum>4d9fa3f4334d239ae5560bb50bdcdc394bceac41</foaf:mbox_sha1sum></foaf:Person></foaf:knows></foaf:Person>
</rdf:RDF>