{"head": {"link": [], "vars": ["P", "C", "S"]}, "results": {"distinct": false, "bindings": [{"P": {"type": "uri", "value": "http://dbpedia.org/resource/Jimmy_Carter"}, "C": {"type": "uri", "value": "http://dbpedia.org/resource/Jack_Carter_(politician)"}, "S": {"type": "uri", "value": "http://dbpedia.org/resource/Georgia_Institute_of_Technology"}}, {"P": {"type": "uri", "value": "http://dbpedia.org/resource/Calvin_Coolidge"}, "C": {"type": "uri", "value": "http://dbpedia.org/resource/John_Coolidge"}, "S": {"type": "uri", "value": "http://dbpedia.org/resource/Amherst_College"}}, {"P": {"type": "uri", "value": "http://dbpedia.org/resource/Dwight_D._Eisenhower"}, "C": {"type": "uri", "value": "http://dbpedia.org/resource/John_Eisenhower"}, "S": {"type": "uri", "value": "http://dbpedia.org/resource/United_States_Military_Academy"}}], "ordered": true}}