{"head": {"link": [], "vars": ["Univ", "Name"]}, "results": {"distinct": false, "bindings": [{"Univ": {"type": "uri", "value": "http://dbpedia.org/resource/Notre_Dame_of_Maryland_University"}}, {"Univ": {"type": "uri", "value": "http://dbpedia.org/resource/University_of_Maryland_Eastern_Shore"}}, {"Univ": {"type": "uri", "value": "http://dbpedia.org/resource/Coppin_State_University"}}, {"Univ": {"type": "uri", "value": "http://dbpedia.org/resource/American_Career_Institute"}}, {"Univ": {"type": "uri", "value": "http://dbpedia.org/resource/Frederick_Community_College"}}, {"Univ": {"type": "uri", "value": "http://dbpedia.org/resource/Baltimore_City_Community_College"}}, {"Univ": {"type": "uri", "value": "http://dbpedia.org/resource/Capitol_Technology_University"}}, {"Univ": {"type": "uri", "value": "http://dbpedia.org/resource/College_of_Southern_Maryland"}}, {"Univ": {"type": "uri", "value": "http://dbpedia.org/resource/Howard_Community_College"}}, {"Univ": {"type": "uri", "value": "http://dbpedia.org/resource/Anne_Arundel_Community_College"}}, {"Univ": {"type": "uri", "value": "http://dbpedia.org/resource/Harford_Community_College"}}, {"Univ": {"type": "uri", "value": "http://dbpedia.org/resource/Seidel_School_of_Education_and_Professional_Studies"}}, {"Univ": {"type": "uri", "value": "http://dbpedia.org/resource/University_of_Maryland_College_of_Information_Studies"}}, {"Univ": {"type": "uri", "value": "http://dbpedia.org/resource/Universities_at_Shady_Grove"}}, {"Univ": {"type": "uri", "value": "http://dbpedia.org/resource/Uniformed_Services_University_of_the_Health_Sciences"}}, {"Univ": {"type": "uri", "value": "http://dbpedia.org/resource/Johns_Hopkins_University"}}, {"Univ": {"type": "uri", "value": "http://dbpedia.org/resource/Morgan_State_University"}}, {"Univ": {"type": "uri", "value": "http://dbpedia.org/resource/Towson_University"}}, {"Univ": {"type": "uri", "value": "http://dbpedia.org/resource/United_States_Naval_Academy"}}, {"Univ": {"type": "uri", "value": "http://dbpedia.org/resource/Whiting_School_of_Engineering"}}, {"Univ": {"type": "uri", "value": "http://dbpedia.org/resource/Emergency_Management_Institute"}}, {"Univ": {"type": "uri", "value": "http://dbpedia.org/resource/Johns_Hopkins_School_of_Medicine"}}, {"Univ": {"type": "uri", "value": "http://dbpedia.org/resource/St._Mary's_Seminary_and_University"}}, {"Univ": {"type": "uri", "value": "http://dbpedia.org/resource/National_Labor_College"}}, {"Univ": {"type": "uri", "value": "http://dbpedia.org/resource/Mount_St._Mary's_University"}}, {"Univ": {"type": "uri", "value": "http://dbpedia.org/resource/St._John's_College_(Annapolis/Santa_Fe)"}}, {"Univ": {"type": "uri", "value": "http://dbpedia.org/resource/Maryland_Institute_College_of_Art"}}, {"Univ": {"type": "uri", "value": "http://dbpedia.org/resource/McDaniel_College"}}, {"Univ": {"type": "uri", "value": "http://dbpedia.org/resource/Robert_H._Smith_School_of_Business"}}, {"Univ": {"type": "uri", "value": "http://dbpedia.org/resource/University_of_Maryland,_Baltimore_County"}}, {"Univ": {"type": "uri", "value": "http://dbpedia.org/resource/Community_College_of_Baltimore_County"}}, {"Univ": {"type": "uri", "value": "http://dbpedia.org/resource/Sojourner\u2013Douglass_College"}}, {"Univ": {"type": "uri", "value": "http://dbpedia.org/resource/Montgomery_College"}}, {"Univ": {"type": "uri", "value": "http://dbpedia.org/resource/University_of_Baltimore"}}, {"Univ": {"type": "uri", "value": "http://dbpedia.org/resource/Loyola_University_Maryland"}}, {"Univ": {"type": "uri", "value": "http://dbpedia.org/resource/Peabody_Institute"}}, {"Univ": {"type": "uri", "value": "http://dbpedia.org/resource/University_of_Maryland_School_of_Architecture"}}, {"Univ": {"type": "uri", "value": "http://dbpedia.org/resource/Chesapeake_College"}}, {"Univ": {"type": "uri", "value": "http://dbpedia.org/resource/Washington_College"}}, {"Univ": {"type": "uri", "value": "http://dbpedia.org/resource/Cecil_College"}}, {"Univ": {"type": "uri", "value": "http://dbpedia.org/resource/Baltimore_Hebrew_University"}}, {"Univ": {"type": "uri", "value": "http://dbpedia.org/resource/Johns_Hopkins_School_of_Nursing"}}, {"Univ": {"type": "uri", "value": "http://dbpedia.org/resource/Norbert_Wiener_Center_for_Harmonic_Analysis_and_Applications"}}, {"Univ": {"type": "uri", "value": "http://dbpedia.org/resource/Camp_Louise"}}, {"Univ": {"type": "uri", "value": "http://dbpedia.org/resource/Romantic_Circles"}}, {"Univ": {"type": "uri", "value": "http://dbpedia.org/resource/TESST_College_of_Technology"}}, {"Univ": {"type": "uri", "value": "http://dbpedia.org/resource/Walter_Reed_Tropical_Medicine_Course"}}, {"Univ": {"type": "uri", "value": "http://dbpedia.org/resource/Charlotte_Hall_Military_Academy"}}, {"Univ": {"type": "uri", "value": "http://dbpedia.org/resource/Garrett_College"}}, {"Univ": {"type": "uri", "value": "http://dbpedia.org/resource/Maryland_Institute_for_Technology_in_the_Humanities"}}, {"Univ": {"type": "uri", "value": "http://dbpedia.org/resource/Henson_School_of_Science_and_Technology"}}, {"Univ": {"type": "uri", "value": "http://dbpedia.org/resource/Robert_G._Merrick_School_of_Business"}}], "ordered": true}}