{"head": {"link": [], "vars": ["STATE", "CAPITAL", "LARGEST"]}, "results": {"distinct": false, "bindings": [{"STATE": {"type": "uri", "value": "http://dbpedia.org/resource/Alabama"}, "LARGEST": {"type": "uri", "value": "http://dbpedia.org/resource/Birmingham,_Alabama"}, "CAPITAL": {"type": "uri", "value": "http://dbpedia.org/resource/Montgomery,_Alabama"}}, {"STATE": {"type": "uri", "value": "http://dbpedia.org/resource/Alaska"}, "LARGEST": {"type": "uri", "value": "http://dbpedia.org/resource/Anchorage,_Alaska"}, "CAPITAL": {"type": "uri", "value": "http://dbpedia.org/resource/Juneau,_Alaska"}}, {"STATE": {"type": "uri", "value": "http://dbpedia.org/resource/Alaska"}, "LARGEST": {"type": "uri", "value": "http://dbpedia.org/resource/Anchorage,_Alaska"}, "CAPITAL": {"xml:lang": "en", "type": "literal", "value": "Juneau\nz"}}, {"STATE": {"type": "uri", "value": "http://dbpedia.org/resource/Arizona"}, "LARGEST": {"type": "uri", "value": "http://dbpedia.org/resource/Phoenix,_Arizona"}, "CAPITAL": {"type": "uri", "value": "http://dbpedia.org/resource/Phoenix,_Arizona"}}, {"STATE": {"type": "uri", "value": "http://dbpedia.org/resource/Arkansas"}, "LARGEST": {"type": "uri", "value": "http://dbpedia.org/resource/Little_Rock,_Arkansas"}, "CAPITAL": {"type": "uri", "value": "http://dbpedia.org/resource/Little_Rock,_Arkansas"}}, {"STATE": {"type": "uri", "value": "http://dbpedia.org/resource/California"}, "LARGEST": {"type": "uri", "value": "http://dbpedia.org/resource/Los_Angeles"}, "CAPITAL": {"type": "uri", "value": "http://dbpedia.org/resource/Sacramento,_California"}}, {"STATE": {"type": "uri", "value": "http://dbpedia.org/resource/Illinois"}, "LARGEST": {"type": "uri", "value": "http://dbpedia.org/resource/Chicago"}, "CAPITAL": {"type": "uri", "value": "http://dbpedia.org/resource/Springfield,_Illinois"}}, {"STATE": {"type": "uri", "value": "http://dbpedia.org/resource/Iowa"}, "LARGEST": {"type": "uri", "value": "http://dbpedia.org/resource/List_of_capitals_in_the_United_States"}, "CAPITAL": {"type": "uri", "value": "http://dbpedia.org/resource/Des_Moines,_Iowa"}}, {"STATE": {"type": "uri", "value": "http://dbpedia.org/resource/Kentucky"}, "LARGEST": {"type": "uri", "value": "http://dbpedia.org/resource/Louisville,_Kentucky"}, "CAPITAL": {"type": "uri", "value": "http://dbpedia.org/resource/Frankfort,_Kentucky"}}, {"STATE": {"type": "uri", "value": "http://dbpedia.org/resource/Kentucky"}, "LARGEST": {"type": "uri", "value": "http://dbpedia.org/resource/Louisville,_Kentucky"}, "CAPITAL": {"xml:lang": "en", "type": "literal", "value": "Canada Kentucky"}}, {"STATE": {"type": "uri", "value": "http://dbpedia.org/resource/Michigan"}, "LARGEST": {"type": "uri", "value": "http://dbpedia.org/resource/Detroit"}, "CAPITAL": {"type": "uri", "value": "http://dbpedia.org/resource/Lansing,_Michigan"}}, {"STATE": {"type": "uri", "value": "http://dbpedia.org/resource/New_Jersey"}, "LARGEST": {"type": "uri", "value": "http://dbpedia.org/resource/Newark,_New_Jersey"}, "CAPITAL": {"type": "uri", "value": "http://dbpedia.org/resource/Trenton,_New_Jersey"}}, {"STATE": {"type": "uri", "value": "http://dbpedia.org/resource/Oklahoma"}, "LARGEST": {"type": "uri", "value": "http://dbpedia.org/resource/Oklahoma_City"}, "CAPITAL": {"type": "uri", "value": "http://dbpedia.org/resource/Oklahoma_City"}}, {"STATE": {"type": "uri", "value": "http://dbpedia.org/resource/Oregon"}, "LARGEST": {"type": "uri", "value": "http://dbpedia.org/resource/Portland,_Oregon"}, "CAPITAL": {"type": "uri", "value": "http://dbpedia.org/resource/Salem,_Oregon"}}, {"STATE": {"type": "uri", "value": "http://dbpedia.org/resource/Pennsylvania"}, "LARGEST": {"type": "uri", "value": "http://dbpedia.org/resource/Philadelphia"}, "CAPITAL": {"type": "uri", "value": "http://dbpedia.org/resource/Harrisburg,_Pennsylvania"}}, {"STATE": {"type": "uri", "value": "http://dbpedia.org/resource/Pennsylvania"}, "LARGEST": {"type": "uri", "value": "http://dbpedia.org/resource/Philadelphia"}, "CAPITAL": {"xml:lang": "en", "type": "literal", "value": "Harrisburg hsjhxghzgbxnjzybdxgysggxn"}}, {"STATE": {"type": "uri", "value": "http://dbpedia.org/resource/Texas"}, "LARGEST": {"type": "uri", "value": "http://dbpedia.org/resource/Houston"}, "CAPITAL": {"type": "uri", "value": "http://dbpedia.org/resource/Austin,_Texas"}}, {"STATE": {"type": "uri", "value": "http://dbpedia.org/resource/Connecticut"}, "LARGEST": {"type": "uri", "value": "http://dbpedia.org/resource/Bridgeport,_Connecticut"}, "CAPITAL": {"type": "uri", "value": "http://dbpedia.org/resource/Hartford,_Connecticut"}}, {"STATE": {"type": "uri", "value": "http://dbpedia.org/resource/Missouri"}, "LARGEST": {"type": "uri", "value": "http://dbpedia.org/resource/Kansas_City,_Missouri"}, "CAPITAL": {"type": "uri", "value": "http://dbpedia.org/resource/Jefferson_City,_Missouri"}}, {"STATE": {"type": "uri", "value": "http://dbpedia.org/resource/New_Hampshire"}, "LARGEST": {"type": "uri", "value": "http://dbpedia.org/resource/Manchester,_New_Hampshire"}, "CAPITAL": {"type": "uri", "value": "http://dbpedia.org/resource/Concord,_New_Hampshire"}}, {"STATE": {"type": "uri", "value": "http://dbpedia.org/resource/South_Carolina"}, "LARGEST": {"type": "uri", "value": "http://dbpedia.org/resource/Charleston,_South_Carolina"}, "CAPITAL": {"type": "uri", "value": "http://dbpedia.org/resource/Columbia,_South_Carolina"}}, {"STATE": {"type": "uri", "value": "http://dbpedia.org/resource/Virginia"}, "LARGEST": {"type": "uri", "value": "http://dbpedia.org/resource/Virginia_Beach,_Virginia"}, "CAPITAL": {"type": "uri", "value": "http://dbpedia.org/resource/Richmond,_Virginia"}}, {"STATE": {"type": "uri", "value": "http://dbpedia.org/resource/Florida"}, "LARGEST": {"type": "uri", "value": "http://dbpedia.org/resource/Jacksonville,_Florida"}, "CAPITAL": {"type": "uri", "value": "http://dbpedia.org/resource/Tallahassee,_Florida"}}, {"STATE": {"type": "uri", "value": "http://dbpedia.org/resource/Montana"}, "LARGEST": {"type": "uri", "value": "http://dbpedia.org/resource/Billings,_Montana"}, "CAPITAL": {"type": "uri", "value": "http://dbpedia.org/resource/Helena,_Montana"}}, {"STATE": {"type": "uri", "value": "http://dbpedia.org/resource/Nebraska"}, "LARGEST": {"type": "uri", "value": "http://dbpedia.org/resource/Omaha,_Nebraska"}, "CAPITAL": {"type": "uri", "value": "http://dbpedia.org/resource/Lincoln,_Nebraska"}}, {"STATE": {"type": "uri", "value": "http://dbpedia.org/resource/Maryland"}, "LARGEST": {"type": "uri", "value": "http://dbpedia.org/resource/Baltimore"}, "CAPITAL": {"type": "uri", "value": "http://dbpedia.org/resource/Annapolis,_Maryland"}}, {"STATE": {"type": "uri", "value": "http://dbpedia.org/resource/Minnesota"}, "LARGEST": {"type": "uri", "value": "http://dbpedia.org/resource/Minneapolis"}, "CAPITAL": {"type": "uri", "value": "http://dbpedia.org/resource/Saint_Paul,_Minnesota"}}, {"STATE": {"type": "uri", "value": "http://dbpedia.org/resource/North_Carolina"}, "LARGEST": {"type": "uri", "value": "http://dbpedia.org/resource/Charlotte,_North_Carolina"}, "CAPITAL": {"type": "uri", "value": "http://dbpedia.org/resource/Raleigh,_North_Carolina"}}, {"STATE": {"type": "uri", "value": "http://dbpedia.org/resource/Washington_(state)"}, "LARGEST": {"type": "uri", "value": "http://dbpedia.org/resource/Seattle"}, "CAPITAL": {"type": "uri", "value": "http://dbpedia.org/resource/Olympia,_Washington"}}, {"STATE": {"type": "uri", "value": "http://dbpedia.org/resource/Delaware"}, "LARGEST": {"type": "uri", "value": "http://dbpedia.org/resource/Wilmington,_Delaware"}, "CAPITAL": {"type": "uri", "value": "http://dbpedia.org/resource/Dover,_Delaware"}}, {"STATE": {"type": "uri", "value": "http://dbpedia.org/resource/Wyoming"}, "CAPITAL": {"type": "uri", "value": "http://dbpedia.org/resource/Cheyenne,_Wyoming"}}, {"STATE": {"type": "uri", "value": "http://dbpedia.org/resource/Massachusetts"}, "CAPITAL": {"type": "uri", "value": "http://dbpedia.org/resource/Boston"}}, {"STATE": {"type": "uri", "value": "http://dbpedia.org/resource/Tennessee"}, "CAPITAL": {"type": "uri", "value": "http://dbpedia.org/resource/Nashville,_Tennessee"}}, {"STATE": {"type": "uri", "value": "http://dbpedia.org/resource/Hawaii"}, "CAPITAL": {"type": "uri", "value": "http://dbpedia.org/resource/Honolulu"}}, {"STATE": {"type": "uri", "value": "http://dbpedia.org/resource/Idaho"}, "CAPITAL": {"type": "uri", "value": "http://dbpedia.org/resource/Boise,_Idaho"}}, {"STATE": {"type": "uri", "value": "http://dbpedia.org/resource/Indiana"}, "CAPITAL": {"type": "uri", "value": "http://dbpedia.org/resource/Indianapolis"}}, {"STATE": {"type": "uri", "value": "http://dbpedia.org/resource/Ohio"}, "CAPITAL": {"type": "uri", "value": "http://dbpedia.org/resource/Columbus,_Ohio"}}, {"STATE": {"type": "uri", "value": "http://dbpedia.org/resource/Colorado"}, "CAPITAL": {"type": "uri", "value": "http://dbpedia.org/resource/Denver"}}, {"STATE": {"type": "uri", "value": "http://dbpedia.org/resource/Mississippi"}, "CAPITAL": {"type": "uri", "value": "http://dbpedia.org/resource/Jackson,_Mississippi"}}, {"STATE": {"type": "uri", "value": "http://dbpedia.org/resource/Utah"}, "CAPITAL": {"type": "uri", "value": "http://dbpedia.org/resource/Salt_Lake_City"}}, {"STATE": {"type": "uri", "value": "http://dbpedia.org/resource/West_Virginia"}, "CAPITAL": {"type": "uri", "value": "http://dbpedia.org/resource/Charleston,_West_Virginia"}}, {"STATE": {"type": "uri", "value": "http://dbpedia.org/resource/Georgia_(U.S._state)"}, "CAPITAL": {"type": "uri", "value": "http://dbpedia.org/resource/Atlanta"}}, {"STATE": {"type": "uri", "value": "http://dbpedia.org/resource/Rhode_Island"}, "CAPITAL": {"type": "uri", "value": "http://dbpedia.org/resource/Providence,_Rhode_Island"}}, {"STATE": {"type": "uri", "value": "http://dbpedia.org/resource/Nevada"}, "CAPITAL": {"type": "uri", "value": "http://dbpedia.org/resource/Carson_City,_Nevada"}}, {"STATE": {"type": "uri", "value": "http://dbpedia.org/resource/South_Dakota"}, "CAPITAL": {"type": "uri", "value": "http://dbpedia.org/resource/Pierre,_South_Dakota"}}, {"STATE": {"type": "uri", "value": "http://dbpedia.org/resource/Louisiana"}, "CAPITAL": {"type": "uri", "value": "http://dbpedia.org/resource/Baton_Rouge,_Louisiana"}}, {"STATE": {"type": "uri", "value": "http://dbpedia.org/resource/New_Mexico"}, "CAPITAL": {"type": "uri", "value": "http://dbpedia.org/resource/Santa_Fe,_New_Mexico"}}, {"STATE": {"type": "uri", "value": "http://dbpedia.org/resource/Wisconsin"}, "CAPITAL": {"type": "uri", "value": "http://dbpedia.org/resource/Madison,_Wisconsin"}}, {"STATE": {"type": "uri", "value": "http://dbpedia.org/resource/Kansas"}, "CAPITAL": {"type": "uri", "value": "http://dbpedia.org/resource/Topeka,_Kansas"}}, {"STATE": {"type": "uri", "value": "http://dbpedia.org/resource/Maine"}, "CAPITAL": {"type": "uri", "value": "http://dbpedia.org/resource/Augusta,_Maine"}}, {"STATE": {"type": "uri", "value": "http://dbpedia.org/resource/North_Dakota"}, "CAPITAL": {"type": "uri", "value": "http://dbpedia.org/resource/Bismarck,_North_Dakota"}}, {"STATE": {"type": "uri", "value": "http://dbpedia.org/resource/Vermont"}, "CAPITAL": {"type": "uri", "value": "http://dbpedia.org/resource/Montpelier,_Vermont"}}, {"STATE": {"type": "uri", "value": "http://dbpedia.org/resource/Rhode_Island"}, "CAPITAL": {"xml:lang": "en", "type": "literal", "value": "[Cranston , Rhode Island|Providence]]"}}], "ordered": true}}