{"head": {"link": [], "vars": ["X", "Total", "Ugrad", "Grad"]}, "results": {"distinct": false, "bindings": [{"X": {"type": "uri", "value": "http://dbpedia.org/resource/Capitol_Technology_University"}, "Total": {"datatype": "http://www.w3.org/2001/XMLSchema#nonNegativeInteger", "type": "typed-literal", "value": "843"}, "Ugrad": {"datatype": "http://www.w3.org/2001/XMLSchema#nonNegativeInteger", "type": "typed-literal", "value": "441"}, "Grad": {"datatype": "http://www.w3.org/2001/XMLSchema#nonNegativeInteger", "type": "typed-literal", "value": "402"}}, {"X": {"type": "uri", "value": "http://dbpedia.org/resource/Morgan_State_University"}, "Total": {"datatype": "http://www.w3.org/2001/XMLSchema#nonNegativeInteger", "type": "typed-literal", "value": "7698"}, "Ugrad": {"datatype": "http://www.w3.org/2001/XMLSchema#nonNegativeInteger", "type": "typed-literal", "value": "6302"}, "Grad": {"datatype": "http://www.w3.org/2001/XMLSchema#nonNegativeInteger", "type": "typed-literal", "value": "1396"}}, {"X": {"type": "uri", "value": "http://dbpedia.org/resource/Towson_University"}, "Total": {"datatype": "http://www.w3.org/2001/XMLSchema#nonNegativeInteger", "type": "typed-literal", "value": "22285"}, "Ugrad": {"datatype": "http://www.w3.org/2001/XMLSchema#nonNegativeInteger", "type": "typed-literal", "value": "18807"}, "Grad": {"datatype": "http://www.w3.org/2001/XMLSchema#nonNegativeInteger", "type": "typed-literal", "value": "3478"}}, {"X": {"type": "uri", "value": "http://dbpedia.org/resource/Mount_St._Mary's_University"}, "Total": {"datatype": "http://www.w3.org/2001/XMLSchema#nonNegativeInteger", "type": "typed-literal", "value": "2240"}, "Ugrad": {"datatype": "http://www.w3.org/2001/XMLSchema#nonNegativeInteger", "type": "typed-literal", "value": "1741"}, "Grad": {"datatype": "http://www.w3.org/2001/XMLSchema#nonNegativeInteger", "type": "typed-literal", "value": "499"}}, {"X": {"type": "uri", "value": "http://dbpedia.org/resource/Maryland_Institute_College_of_Art"}, "Total": {"datatype": "http://www.w3.org/2001/XMLSchema#nonNegativeInteger", "type": "typed-literal", "value": "1872"}, "Ugrad": {"datatype": "http://www.w3.org/2001/XMLSchema#nonNegativeInteger", "type": "typed-literal", "value": "1644"}, "Grad": {"datatype": "http://www.w3.org/2001/XMLSchema#nonNegativeInteger", "type": "typed-literal", "value": "228"}}, {"X": {"type": "uri", "value": "http://dbpedia.org/resource/University_of_Maryland,_Baltimore_County"}, "Total": {"datatype": "http://www.w3.org/2001/XMLSchema#nonNegativeInteger", "type": "typed-literal", "value": "13839"}, "Ugrad": {"datatype": "http://www.w3.org/2001/XMLSchema#nonNegativeInteger", "type": "typed-literal", "value": "11243"}, "Grad": {"datatype": "http://www.w3.org/2001/XMLSchema#nonNegativeInteger", "type": "typed-literal", "value": "2596"}}, {"X": {"type": "uri", "value": "http://dbpedia.org/resource/Loyola_University_Maryland"}, "Total": {"datatype": "http://www.w3.org/2001/XMLSchema#nonNegativeInteger", "type": "typed-literal", "value": "6050"}, "Ugrad": {"datatype": "http://www.w3.org/2001/XMLSchema#nonNegativeInteger", "type": "typed-literal", "value": "4068"}, "Grad": {"datatype": "http://www.w3.org/2001/XMLSchema#nonNegativeInteger", "type": "typed-literal", "value": "1982"}}, {"X": {"type": "uri", "value": "http://dbpedia.org/resource/University_of_Maryland_Eastern_Shore"}, "Ugrad": {"datatype": "http://www.w3.org/2001/XMLSchema#nonNegativeInteger", "type": "typed-literal", "value": "3278"}, "Grad": {"datatype": "http://www.w3.org/2001/XMLSchema#nonNegativeInteger", "type": "typed-literal", "value": "628"}}, {"X": {"type": "uri", "value": "http://dbpedia.org/resource/Johns_Hopkins_University"}, "Ugrad": {"datatype": "http://www.w3.org/2001/XMLSchema#nonNegativeInteger", "type": "typed-literal", "value": "5326"}, "Grad": {"datatype": "http://www.w3.org/2001/XMLSchema#nonNegativeInteger", "type": "typed-literal", "value": "14848"}}, {"X": {"type": "uri", "value": "http://dbpedia.org/resource/University_of_Baltimore"}, "Ugrad": {"datatype": "http://www.w3.org/2001/XMLSchema#nonNegativeInteger", "type": "typed-literal", "value": "3064"}, "Grad": {"datatype": "http://www.w3.org/2001/XMLSchema#nonNegativeInteger", "type": "typed-literal", "value": "2563"}}, {"X": {"type": "uri", "value": "http://dbpedia.org/resource/Washington_College"}, "Ugrad": {"datatype": "http://www.w3.org/2001/XMLSchema#nonNegativeInteger", "type": "typed-literal", "value": "1400"}, "Grad": {"datatype": "http://www.w3.org/2001/XMLSchema#nonNegativeInteger", "type": "typed-literal", "value": "100"}}, {"X": {"type": "uri", "value": "http://dbpedia.org/resource/Baltimore_Hebrew_University"}, "Ugrad": {"datatype": "http://www.w3.org/2001/XMLSchema#nonNegativeInteger", "type": "typed-literal", "value": "20"}, "Grad": {"datatype": "http://www.w3.org/2001/XMLSchema#nonNegativeInteger", "type": "typed-literal", "value": "100"}}, {"X": {"type": "uri", "value": "http://dbpedia.org/resource/College_of_Southern_Maryland"}, "Total": {"datatype": "http://www.w3.org/2001/XMLSchema#nonNegativeInteger", "type": "typed-literal", "value": "24651"}, "Ugrad": {"datatype": "http://www.w3.org/2001/XMLSchema#nonNegativeInteger", "type": "typed-literal", "value": "11307"}}, {"X": {"type": "uri", "value": "http://dbpedia.org/resource/Howard_Community_College"}, "Total": {"datatype": "http://www.w3.org/2001/XMLSchema#nonNegativeInteger", "type": "typed-literal", "value": "28913"}, "Ugrad": {"datatype": "http://www.w3.org/2001/XMLSchema#nonNegativeInteger", "type": "typed-literal", "value": "10135"}}, {"X": {"type": "uri", "value": "http://dbpedia.org/resource/National_Labor_College"}, "Ugrad": {"datatype": "http://www.w3.org/2001/XMLSchema#nonNegativeInteger", "type": "typed-literal", "value": "1364"}}, {"X": {"type": "uri", "value": "http://dbpedia.org/resource/Garrett_College"}, "Ugrad": {"datatype": "http://www.w3.org/2001/XMLSchema#nonNegativeInteger", "type": "typed-literal", "value": "900"}}, {"X": {"type": "uri", "value": "http://dbpedia.org/resource/Uniformed_Services_University_of_the_Health_Sciences"}, "Grad": {"datatype": "http://www.w3.org/2001/XMLSchema#nonNegativeInteger", "type": "typed-literal", "value": "1200"}}, {"X": {"type": "uri", "value": "http://dbpedia.org/resource/St._John's_College_(Annapolis/Santa_Fe)"}, "Grad": {"datatype": "http://www.w3.org/2001/XMLSchema#nonNegativeInteger", "type": "typed-literal", "value": "160"}}, {"X": {"type": "uri", "value": "http://dbpedia.org/resource/Notre_Dame_of_Maryland_University"}, "Total": {"datatype": "http://www.w3.org/2001/XMLSchema#nonNegativeInteger", "type": "typed-literal", "value": "2901"}}, {"X": {"type": "uri", "value": "http://dbpedia.org/resource/Coppin_State_University"}, "Total": {"datatype": "http://www.w3.org/2001/XMLSchema#nonNegativeInteger", "type": "typed-literal", "value": "3000"}}, {"X": {"type": "uri", "value": "http://dbpedia.org/resource/Frederick_Community_College"}, "Total": {"datatype": "http://www.w3.org/2001/XMLSchema#nonNegativeInteger", "type": "typed-literal", "value": "6233"}}, {"X": {"type": "uri", "value": "http://dbpedia.org/resource/Baltimore_City_Community_College"}, "Total": {"datatype": "http://www.w3.org/2001/XMLSchema#nonNegativeInteger", "type": "typed-literal", "value": "4864"}}, {"X": {"type": "uri", "value": "http://dbpedia.org/resource/Anne_Arundel_Community_College"}, "Total": {"datatype": "http://www.w3.org/2001/XMLSchema#nonNegativeInteger", "type": "typed-literal", "value": "53476"}}, {"X": {"type": "uri", "value": "http://dbpedia.org/resource/Harford_Community_College"}, "Total": {"datatype": "http://www.w3.org/2001/XMLSchema#nonNegativeInteger", "type": "typed-literal", "value": "20000"}}, {"X": {"type": "uri", "value": "http://dbpedia.org/resource/United_States_Naval_Academy"}, "Total": {"datatype": "http://www.w3.org/2001/XMLSchema#nonNegativeInteger", "type": "typed-literal", "value": "4576"}}, {"X": {"type": "uri", "value": "http://dbpedia.org/resource/Whiting_School_of_Engineering"}, "Total": {"datatype": "http://www.w3.org/2001/XMLSchema#nonNegativeInteger", "type": "typed-literal", "value": "1555"}}, {"X": {"type": "uri", "value": "http://dbpedia.org/resource/Whiting_School_of_Engineering"}, "Total": {"datatype": "http://www.w3.org/2001/XMLSchema#nonNegativeInteger", "type": "typed-literal", "value": "3360"}}, {"X": {"type": "uri", "value": "http://dbpedia.org/resource/Johns_Hopkins_School_of_Medicine"}, "Total": {"datatype": "http://www.w3.org/2001/XMLSchema#nonNegativeInteger", "type": "typed-literal", "value": "480"}}, {"X": {"type": "uri", "value": "http://dbpedia.org/resource/Johns_Hopkins_School_of_Medicine"}, "Total": {"datatype": "http://www.w3.org/2001/XMLSchema#nonNegativeInteger", "type": "typed-literal", "value": "1400"}}, {"X": {"type": "uri", "value": "http://dbpedia.org/resource/St._Mary's_Seminary_and_University"}, "Total": {"datatype": "http://www.w3.org/2001/XMLSchema#nonNegativeInteger", "type": "typed-literal", "value": "294"}}, {"X": {"type": "uri", "value": "http://dbpedia.org/resource/McDaniel_College"}, "Total": {"datatype": "http://www.w3.org/2001/XMLSchema#nonNegativeInteger", "type": "typed-literal", "value": "1629"}}, {"X": {"type": "uri", "value": "http://dbpedia.org/resource/Community_College_of_Baltimore_County"}, "Total": {"datatype": "http://www.w3.org/2001/XMLSchema#nonNegativeInteger", "type": "typed-literal", "value": "70000"}}, {"X": {"type": "uri", "value": "http://dbpedia.org/resource/Montgomery_College"}, "Total": {"datatype": "http://www.w3.org/2001/XMLSchema#nonNegativeInteger", "type": "typed-literal", "value": "60000"}}, {"X": {"type": "uri", "value": "http://dbpedia.org/resource/Chesapeake_College"}, "Total": {"datatype": "http://www.w3.org/2001/XMLSchema#nonNegativeInteger", "type": "typed-literal", "value": "2660"}}, {"X": {"type": "uri", "value": "http://dbpedia.org/resource/Johns_Hopkins_School_of_Nursing"}, "Total": {"datatype": "http://www.w3.org/2001/XMLSchema#nonNegativeInteger", "type": "typed-literal", "value": "1075"}}, {"X": {"type": "uri", "value": "http://dbpedia.org/resource/Camp_Louise"}, "Total": {"datatype": "http://www.w3.org/2001/XMLSchema#nonNegativeInteger", "type": "typed-literal", "value": "450"}}, {"X": {"type": "uri", "value": "http://dbpedia.org/resource/American_Career_Institute"}}, {"X": {"type": "uri", "value": "http://dbpedia.org/resource/Seidel_School_of_Education_and_Professional_Studies"}}, {"X": {"type": "uri", "value": "http://dbpedia.org/resource/University_of_Maryland_College_of_Information_Studies"}}, {"X": {"type": "uri", "value": "http://dbpedia.org/resource/Universities_at_Shady_Grove"}}, {"X": {"type": "uri", "value": "http://dbpedia.org/resource/Emergency_Management_Institute"}}, {"X": {"type": "uri", "value": "http://dbpedia.org/resource/Robert_H._Smith_School_of_Business"}}, {"X": {"type": "uri", "value": "http://dbpedia.org/resource/Sojourner\u2013Douglass_College"}}, {"X": {"type": "uri", "value": "http://dbpedia.org/resource/Peabody_Institute"}}, {"X": {"type": "uri", "value": "http://dbpedia.org/resource/University_of_Maryland_School_of_Architecture"}}, {"X": {"type": "uri", "value": "http://dbpedia.org/resource/Cecil_College"}}, {"X": {"type": "uri", "value": "http://dbpedia.org/resource/Norbert_Wiener_Center_for_Harmonic_Analysis_and_Applications"}}, {"X": {"type": "uri", "value": "http://dbpedia.org/resource/Romantic_Circles"}}, {"X": {"type": "uri", "value": "http://dbpedia.org/resource/TESST_College_of_Technology"}}, {"X": {"type": "uri", "value": "http://dbpedia.org/resource/Walter_Reed_Tropical_Medicine_Course"}}, {"X": {"type": "uri", "value": "http://dbpedia.org/resource/Charlotte_Hall_Military_Academy"}}, {"X": {"type": "uri", "value": "http://dbpedia.org/resource/Maryland_Institute_for_Technology_in_the_Humanities"}}, {"X": {"type": "uri", "value": "http://dbpedia.org/resource/Henson_School_of_Science_and_Technology"}}, {"X": {"type": "uri", "value": "http://dbpedia.org/resource/Robert_G._Merrick_School_of_Business"}}], "ordered": true}}