{"head": {"link": [], "vars": ["X", "TOTAL"]}, "results": {"distinct": false, "bindings": [{"X": {"type": "uri", "value": "http://dbpedia.org/resource/Towson_University"}, "TOTAL": {"datatype": "http://www.w3.org/2001/XMLSchema#integer", "type": "typed-literal", "value": "22285"}}, {"X": {"type": "uri", "value": "http://dbpedia.org/resource/Johns_Hopkins_University"}, "TOTAL": {"datatype": "http://www.w3.org/2001/XMLSchema#integer", "type": "typed-literal", "value": "20174"}}, {"X": {"type": "uri", "value": "http://dbpedia.org/resource/University_of_Maryland,_Baltimore_County"}, "TOTAL": {"datatype": "http://www.w3.org/2001/XMLSchema#integer", "type": "typed-literal", "value": "13839"}}, {"X": {"type": "uri", "value": "http://dbpedia.org/resource/College_of_Southern_Maryland"}, "TOTAL": {"datatype": "http://www.w3.org/2001/XMLSchema#integer", "type": "typed-literal", "value": "11307"}}, {"X": {"type": "uri", "value": "http://dbpedia.org/resource/Howard_Community_College"}, "TOTAL": {"datatype": "http://www.w3.org/2001/XMLSchema#integer", "type": "typed-literal", "value": "10135"}}, {"X": {"type": "uri", "value": "http://dbpedia.org/resource/Morgan_State_University"}, "TOTAL": {"datatype": "http://www.w3.org/2001/XMLSchema#integer", "type": "typed-literal", "value": "7698"}}, {"X": {"type": "uri", "value": "http://dbpedia.org/resource/Loyola_University_Maryland"}, "TOTAL": {"datatype": "http://www.w3.org/2001/XMLSchema#integer", "type": "typed-literal", "value": "6050"}}, {"X": {"type": "uri", "value": "http://dbpedia.org/resource/University_of_Baltimore"}, "TOTAL": {"datatype": "http://www.w3.org/2001/XMLSchema#integer", "type": "typed-literal", "value": "5627"}}, {"X": {"type": "uri", "value": "http://dbpedia.org/resource/University_of_Maryland_Eastern_Shore"}, "TOTAL": {"datatype": "http://www.w3.org/2001/XMLSchema#integer", "type": "typed-literal", "value": "3906"}}, {"X": {"type": "uri", "value": "http://dbpedia.org/resource/Mount_St._Mary's_University"}, "TOTAL": {"datatype": "http://www.w3.org/2001/XMLSchema#integer", "type": "typed-literal", "value": "2240"}}, {"X": {"type": "uri", "value": "http://dbpedia.org/resource/Maryland_Institute_College_of_Art"}, "TOTAL": {"datatype": "http://www.w3.org/2001/XMLSchema#integer", "type": "typed-literal", "value": "1872"}}, {"X": {"type": "uri", "value": "http://dbpedia.org/resource/Washington_College"}, "TOTAL": {"datatype": "http://www.w3.org/2001/XMLSchema#integer", "type": "typed-literal", "value": "1500"}}, {"X": {"type": "uri", "value": "http://dbpedia.org/resource/National_Labor_College"}, "TOTAL": {"datatype": "http://www.w3.org/2001/XMLSchema#integer", "type": "typed-literal", "value": "1364"}}, {"X": {"type": "uri", "value": "http://dbpedia.org/resource/Uniformed_Services_University_of_the_Health_Sciences"}, "TOTAL": {"datatype": "http://www.w3.org/2001/XMLSchema#integer", "type": "typed-literal", "value": "1200"}}, {"X": {"type": "uri", "value": "http://dbpedia.org/resource/Garrett_College"}, "TOTAL": {"datatype": "http://www.w3.org/2001/XMLSchema#integer", "type": "typed-literal", "value": "900"}}, {"X": {"type": "uri", "value": "http://dbpedia.org/resource/Capitol_Technology_University"}, "TOTAL": {"datatype": "http://www.w3.org/2001/XMLSchema#integer", "type": "typed-literal", "value": "843"}}, {"X": {"type": "uri", "value": "http://dbpedia.org/resource/St._John's_College_(Annapolis/Santa_Fe)"}, "TOTAL": {"datatype": "http://www.w3.org/2001/XMLSchema#integer", "type": "typed-literal", "value": "160"}}, {"X": {"type": "uri", "value": "http://dbpedia.org/resource/Baltimore_Hebrew_University"}, "TOTAL": {"datatype": "http://www.w3.org/2001/XMLSchema#integer", "type": "typed-literal", "value": "120"}}, {"X": {"type": "uri", "value": "http://dbpedia.org/resource/Notre_Dame_of_Maryland_University"}, "TOTAL": {"datatype": "http://www.w3.org/2001/XMLSchema#integer", "type": "typed-literal", "value": "0"}}, {"X": {"type": "uri", "value": "http://dbpedia.org/resource/Coppin_State_University"}, "TOTAL": {"datatype": "http://www.w3.org/2001/XMLSchema#integer", "type": "typed-literal", "value": "0"}}, {"X": {"type": "uri", "value": "http://dbpedia.org/resource/American_Career_Institute"}, "TOTAL": {"datatype": "http://www.w3.org/2001/XMLSchema#integer", "type": "typed-literal", "value": "0"}}, {"X": {"type": "uri", "value": "http://dbpedia.org/resource/Frederick_Community_College"}, "TOTAL": {"datatype": "http://www.w3.org/2001/XMLSchema#integer", "type": "typed-literal", "value": "0"}}, {"X": {"type": "uri", "value": "http://dbpedia.org/resource/Baltimore_City_Community_College"}, "TOTAL": {"datatype": "http://www.w3.org/2001/XMLSchema#integer", "type": "typed-literal", "value": "0"}}, {"X": {"type": "uri", "value": "http://dbpedia.org/resource/Anne_Arundel_Community_College"}, "TOTAL": {"datatype": "http://www.w3.org/2001/XMLSchema#integer", "type": "typed-literal", "value": "0"}}, {"X": {"type": "uri", "value": "http://dbpedia.org/resource/Harford_Community_College"}, "TOTAL": {"datatype": "http://www.w3.org/2001/XMLSchema#integer", "type": "typed-literal", "value": "0"}}, {"X": {"type": "uri", "value": "http://dbpedia.org/resource/Seidel_School_of_Education_and_Professional_Studies"}, "TOTAL": {"datatype": "http://www.w3.org/2001/XMLSchema#integer", "type": "typed-literal", "value": "0"}}, {"X": {"type": "uri", "value": "http://dbpedia.org/resource/University_of_Maryland_College_of_Information_Studies"}, "TOTAL": {"datatype": "http://www.w3.org/2001/XMLSchema#integer", "type": "typed-literal", "value": "0"}}, {"X": {"type": "uri", "value": "http://dbpedia.org/resource/Universities_at_Shady_Grove"}, "TOTAL": {"datatype": "http://www.w3.org/2001/XMLSchema#integer", "type": "typed-literal", "value": "0"}}, {"X": {"type": "uri", "value": "http://dbpedia.org/resource/United_States_Naval_Academy"}, "TOTAL": {"datatype": "http://www.w3.org/2001/XMLSchema#integer", "type": "typed-literal", "value": "0"}}, {"X": {"type": "uri", "value": "http://dbpedia.org/resource/Whiting_School_of_Engineering"}, "TOTAL": {"datatype": "http://www.w3.org/2001/XMLSchema#integer", "type": "typed-literal", "value": "0"}}, {"X": {"type": "uri", "value": "http://dbpedia.org/resource/Emergency_Management_Institute"}, "TOTAL": {"datatype": "http://www.w3.org/2001/XMLSchema#integer", "type": "typed-literal", "value": "0"}}, {"X": {"type": "uri", "value": "http://dbpedia.org/resource/Johns_Hopkins_School_of_Medicine"}, "TOTAL": {"datatype": "http://www.w3.org/2001/XMLSchema#integer", "type": "typed-literal", "value": "0"}}, {"X": {"type": "uri", "value": "http://dbpedia.org/resource/St._Mary's_Seminary_and_University"}, "TOTAL": {"datatype": "http://www.w3.org/2001/XMLSchema#integer", "type": "typed-literal", "value": "0"}}, {"X": {"type": "uri", "value": "http://dbpedia.org/resource/McDaniel_College"}, "TOTAL": {"datatype": "http://www.w3.org/2001/XMLSchema#integer", "type": "typed-literal", "value": "0"}}, {"X": {"type": "uri", "value": "http://dbpedia.org/resource/Robert_H._Smith_School_of_Business"}, "TOTAL": {"datatype": "http://www.w3.org/2001/XMLSchema#integer", "type": "typed-literal", "value": "0"}}, {"X": {"type": "uri", "value": "http://dbpedia.org/resource/Community_College_of_Baltimore_County"}, "TOTAL": {"datatype": "http://www.w3.org/2001/XMLSchema#integer", "type": "typed-literal", "value": "0"}}, {"X": {"type": "uri", "value": "http://dbpedia.org/resource/Sojourner\u2013Douglass_College"}, "TOTAL": {"datatype": "http://www.w3.org/2001/XMLSchema#integer", "type": "typed-literal", "value": "0"}}, {"X": {"type": "uri", "value": "http://dbpedia.org/resource/Montgomery_College"}, "TOTAL": {"datatype": "http://www.w3.org/2001/XMLSchema#integer", "type": "typed-literal", "value": "0"}}, {"X": {"type": "uri", "value": "http://dbpedia.org/resource/Peabody_Institute"}, "TOTAL": {"datatype": "http://www.w3.org/2001/XMLSchema#integer", "type": "typed-literal", "value": "0"}}, {"X": {"type": "uri", "value": "http://dbpedia.org/resource/University_of_Maryland_School_of_Architecture"}, "TOTAL": {"datatype": "http://www.w3.org/2001/XMLSchema#integer", "type": "typed-literal", "value": "0"}}, {"X": {"type": "uri", "value": "http://dbpedia.org/resource/Chesapeake_College"}, "TOTAL": {"datatype": "http://www.w3.org/2001/XMLSchema#integer", "type": "typed-literal", "value": "0"}}, {"X": {"type": "uri", "value": "http://dbpedia.org/resource/Cecil_College"}, "TOTAL": {"datatype": "http://www.w3.org/2001/XMLSchema#integer", "type": "typed-literal", "value": "0"}}, {"X": {"type": "uri", "value": "http://dbpedia.org/resource/Johns_Hopkins_School_of_Nursing"}, "TOTAL": {"datatype": "http://www.w3.org/2001/XMLSchema#integer", "type": "typed-literal", "value": "0"}}, {"X": {"type": "uri", "value": "http://dbpedia.org/resource/Norbert_Wiener_Center_for_Harmonic_Analysis_and_Applications"}, "TOTAL": {"datatype": "http://www.w3.org/2001/XMLSchema#integer", "type": "typed-literal", "value": "0"}}, {"X": {"type": "uri", "value": "http://dbpedia.org/resource/Camp_Louise"}, "TOTAL": {"datatype": "http://www.w3.org/2001/XMLSchema#integer", "type": "typed-literal", "value": "0"}}, {"X": {"type": "uri", "value": "http://dbpedia.org/resource/Romantic_Circles"}, "TOTAL": {"datatype": "http://www.w3.org/2001/XMLSchema#integer", "type": "typed-literal", "value": "0"}}, {"X": {"type": "uri", "value": "http://dbpedia.org/resource/TESST_College_of_Technology"}, "TOTAL": {"datatype": "http://www.w3.org/2001/XMLSchema#integer", "type": "typed-literal", "value": "0"}}, {"X": {"type": "uri", "value": "http://dbpedia.org/resource/Walter_Reed_Tropical_Medicine_Course"}, "TOTAL": {"datatype": "http://www.w3.org/2001/XMLSchema#integer", "type": "typed-literal", "value": "0"}}, {"X": {"type": "uri", "value": "http://dbpedia.org/resource/Charlotte_Hall_Military_Academy"}, "TOTAL": {"datatype": "http://www.w3.org/2001/XMLSchema#integer", "type": "typed-literal", "value": "0"}}, {"X": {"type": "uri", "value": "http://dbpedia.org/resource/Maryland_Institute_for_Technology_in_the_Humanities"}, "TOTAL": {"datatype": "http://www.w3.org/2001/XMLSchema#integer", "type": "typed-literal", "value": "0"}}, {"X": {"type": "uri", "value": "http://dbpedia.org/resource/Henson_School_of_Science_and_Technology"}, "TOTAL": {"datatype": "http://www.w3.org/2001/XMLSchema#integer", "type": "typed-literal", "value": "0"}}, {"X": {"type": "uri", "value": "http://dbpedia.org/resource/Robert_G._Merrick_School_of_Business"}, "TOTAL": {"datatype": "http://www.w3.org/2001/XMLSchema#integer", "type": "typed-literal", "value": "0"}}], "ordered": true}}