{"head": {"link": [], "vars": ["X", "SUM", "Total"]}, "results": {"distinct": false, "bindings": [{"X": {"type": "uri", "value": "http://dbpedia.org/resource/Morgan_State_University"}, "SUM": {"datatype": "http://www.w3.org/2001/XMLSchema#integer", "type": "typed-literal", "value": "7698"}, "Total": {"datatype": "http://www.w3.org/2001/XMLSchema#nonNegativeInteger", "type": "typed-literal", "value": "7698"}}, {"X": {"type": "uri", "value": "http://dbpedia.org/resource/Towson_University"}, "SUM": {"datatype": "http://www.w3.org/2001/XMLSchema#integer", "type": "typed-literal", "value": "22285"}, "Total": {"datatype": "http://www.w3.org/2001/XMLSchema#nonNegativeInteger", "type": "typed-literal", "value": "22285"}}, {"X": {"type": "uri", "value": "http://dbpedia.org/resource/University_of_Maryland,_Baltimore_County"}, "SUM": {"datatype": "http://www.w3.org/2001/XMLSchema#integer", "type": "typed-literal", "value": "13839"}, "Total": {"datatype": "http://www.w3.org/2001/XMLSchema#nonNegativeInteger", "type": "typed-literal", "value": "13839"}}, {"X": {"type": "uri", "value": "http://dbpedia.org/resource/Loyola_University_Maryland"}, "SUM": {"datatype": "http://www.w3.org/2001/XMLSchema#integer", "type": "typed-literal", "value": "6050"}, "Total": {"datatype": "http://www.w3.org/2001/XMLSchema#nonNegativeInteger", "type": "typed-literal", "value": "6050"}}, {"X": {"type": "uri", "value": "http://dbpedia.org/resource/College_of_Southern_Maryland"}, "SUM": {"datatype": "http://www.w3.org/2001/XMLSchema#integer", "type": "typed-literal", "value": "11307"}, "Total": {"datatype": "http://www.w3.org/2001/XMLSchema#nonNegativeInteger", "type": "typed-literal", "value": "24651"}}, {"X": {"type": "uri", "value": "http://dbpedia.org/resource/Howard_Community_College"}, "SUM": {"datatype": "http://www.w3.org/2001/XMLSchema#integer", "type": "typed-literal", "value": "10135"}, "Total": {"datatype": "http://www.w3.org/2001/XMLSchema#nonNegativeInteger", "type": "typed-literal", "value": "28913"}}, {"X": {"type": "uri", "value": "http://dbpedia.org/resource/Frederick_Community_College"}, "SUM": {"datatype": "http://www.w3.org/2001/XMLSchema#integer", "type": "typed-literal", "value": "0"}, "Total": {"datatype": "http://www.w3.org/2001/XMLSchema#nonNegativeInteger", "type": "typed-literal", "value": "6233"}}, {"X": {"type": "uri", "value": "http://dbpedia.org/resource/Anne_Arundel_Community_College"}, "SUM": {"datatype": "http://www.w3.org/2001/XMLSchema#integer", "type": "typed-literal", "value": "0"}, "Total": {"datatype": "http://www.w3.org/2001/XMLSchema#nonNegativeInteger", "type": "typed-literal", "value": "53476"}}, {"X": {"type": "uri", "value": "http://dbpedia.org/resource/Harford_Community_College"}, "SUM": {"datatype": "http://www.w3.org/2001/XMLSchema#integer", "type": "typed-literal", "value": "0"}, "Total": {"datatype": "http://www.w3.org/2001/XMLSchema#nonNegativeInteger", "type": "typed-literal", "value": "20000"}}, {"X": {"type": "uri", "value": "http://dbpedia.org/resource/Community_College_of_Baltimore_County"}, "SUM": {"datatype": "http://www.w3.org/2001/XMLSchema#integer", "type": "typed-literal", "value": "0"}, "Total": {"datatype": "http://www.w3.org/2001/XMLSchema#nonNegativeInteger", "type": "typed-literal", "value": "70000"}}, {"X": {"type": "uri", "value": "http://dbpedia.org/resource/Montgomery_College"}, "SUM": {"datatype": "http://www.w3.org/2001/XMLSchema#integer", "type": "typed-literal", "value": "0"}, "Total": {"datatype": "http://www.w3.org/2001/XMLSchema#nonNegativeInteger", "type": "typed-literal", "value": "60000"}}, {"X": {"type": "uri", "value": "http://dbpedia.org/resource/Johns_Hopkins_University"}, "SUM": {"datatype": "http://www.w3.org/2001/XMLSchema#integer", "type": "typed-literal", "value": "20174"}}, {"X": {"type": "uri", "value": "http://dbpedia.org/resource/University_of_Baltimore"}, "SUM": {"datatype": "http://www.w3.org/2001/XMLSchema#integer", "type": "typed-literal", "value": "5627"}}], "ordered": true}}