{"head": {"link": [], "vars": ["S", "X", "MAX"]}, "results": {"distinct": false, "bindings": [{"X": {"type": "uri", "value": "http://dbpedia.org/resource/Presidents_of_Montclair_State_University"}, "S": {"type": "uri", "value": "http://dbpedia.org/resource/New_Jersey"}, "MAX": {"datatype": "http://www.w3.org/2001/XMLSchema#nonNegativeInteger", "type": "typed-literal", "value": "15885"}}, {"X": {"type": "uri", "value": "http://dbpedia.org/resource/Pacific_Lutheran_University"}, "S": {"type": "uri", "value": "http://dbpedia.org/resource/Washington_(state)"}, "MAX": {"datatype": "http://www.w3.org/2001/XMLSchema#nonNegativeInteger", "type": "typed-literal", "value": "2800"}}, {"X": {"type": "uri", "value": "http://dbpedia.org/resource/North_Idaho_College"}, "S": {"type": "uri", "value": "http://dbpedia.org/resource/Idaho"}, "MAX": {"datatype": "http://www.w3.org/2001/XMLSchema#nonNegativeInteger", "type": "typed-literal", "value": "6300"}}, {"X": {"type": "uri", "value": "http://dbpedia.org/resource/University_of_Nebraska\u2013Lincoln"}, "S": {"type": "uri", "value": "http://dbpedia.org/resource/Nebraska"}, "MAX": {"datatype": "http://www.w3.org/2001/XMLSchema#nonNegativeInteger", "type": "typed-literal", "value": "20182"}}, {"X": {"type": "uri", "value": "http://dbpedia.org/resource/University_of_Michigan_College_of_Literature,_Science,_and_the_Arts"}, "S": {"type": "uri", "value": "http://dbpedia.org/resource/Michigan"}, "MAX": {"datatype": "http://www.w3.org/2001/XMLSchema#nonNegativeInteger", "type": "typed-literal", "value": "18482"}}, {"X": {"type": "uri", "value": "http://dbpedia.org/resource/Washington_University_School_of_Engineering_and_Applied_Science"}, "S": {"type": "uri", "value": "http://dbpedia.org/resource/Missouri"}, "MAX": {"datatype": "http://www.w3.org/2001/XMLSchema#nonNegativeInteger", "type": "typed-literal", "value": "1062"}}, {"X": {"type": "uri", "value": "http://dbpedia.org/resource/George_Fox_University"}, "S": {"type": "uri", "value": "http://dbpedia.org/resource/Oregon"}, "MAX": {"datatype": "http://www.w3.org/2001/XMLSchema#nonNegativeInteger", "type": "typed-literal", "value": "2406"}}, {"X": {"type": "uri", "value": "http://dbpedia.org/resource/Colorado_Technical_University"}, "S": {"type": "uri", "value": "http://dbpedia.org/resource/Colorado"}, "MAX": {"datatype": "http://www.w3.org/2001/XMLSchema#nonNegativeInteger", "type": "typed-literal", "value": "23094"}}, {"X": {"type": "uri", "value": "http://dbpedia.org/resource/Howard_Community_College"}, "S": {"type": "uri", "value": "http://dbpedia.org/resource/Maryland"}, "MAX": {"datatype": "http://www.w3.org/2001/XMLSchema#nonNegativeInteger", "type": "typed-literal", "value": "10135"}}, {"X": {"type": "uri", "value": "http://dbpedia.org/resource/Virginia_Tech_Corps_of_Cadets"}, "S": {"type": "uri", "value": "http://dbpedia.org/resource/Virginia"}, "MAX": {"datatype": "http://www.w3.org/2001/XMLSchema#nonNegativeInteger", "type": "typed-literal", "value": "23041"}}, {"X": {"type": "uri", "value": "http://dbpedia.org/resource/University_of_Advancing_Technology"}, "S": {"type": "uri", "value": "http://dbpedia.org/resource/Arizona"}, "MAX": {"datatype": "http://www.w3.org/2001/XMLSchema#nonNegativeInteger", "type": "typed-literal", "value": "900"}}, {"X": {"type": "uri", "value": "http://dbpedia.org/resource/Spring_Hill_College"}, "S": {"type": "uri", "value": "http://dbpedia.org/resource/Alabama"}, "MAX": {"datatype": "http://www.w3.org/2001/XMLSchema#nonNegativeInteger", "type": "typed-literal", "value": "1257"}}, {"X": {"type": "uri", "value": "http://dbpedia.org/resource/Harrisburg_Area_Community_College"}, "S": {"type": "uri", "value": "http://dbpedia.org/resource/Pennsylvania"}, "MAX": {"datatype": "http://www.w3.org/2001/XMLSchema#nonNegativeInteger", "type": "typed-literal", "value": "21000"}}, {"X": {"type": "uri", "value": "http://dbpedia.org/resource/Elon_University"}, "S": {"type": "uri", "value": "http://dbpedia.org/resource/North_Carolina"}, "MAX": {"datatype": "http://www.w3.org/2001/XMLSchema#nonNegativeInteger", "type": "typed-literal", "value": "6008"}}, {"X": {"type": "uri", "value": "http://dbpedia.org/resource/Chaminade_University_of_Honolulu"}, "S": {"type": "uri", "value": "http://dbpedia.org/resource/Hawaii"}, "MAX": {"datatype": "http://www.w3.org/2001/XMLSchema#nonNegativeInteger", "type": "typed-literal", "value": "2132"}}, {"X": {"type": "uri", "value": "http://dbpedia.org/resource/Western_Oklahoma_State_College"}, "S": {"type": "uri", "value": "http://dbpedia.org/resource/Oklahoma"}, "MAX": {"datatype": "http://www.w3.org/2001/XMLSchema#nonNegativeInteger", "type": "typed-literal", "value": "1500"}}, {"X": {"type": "uri", "value": "http://dbpedia.org/resource/Tri-County_Technical_College"}, "S": {"type": "uri", "value": "http://dbpedia.org/resource/South_Carolina"}, "MAX": {"datatype": "http://www.w3.org/2001/XMLSchema#nonNegativeInteger", "type": "typed-literal", "value": "6941"}}, {"X": {"type": "uri", "value": "http://dbpedia.org/resource/Delaware_College_of_Art_and_Design"}, "S": {"type": "uri", "value": "http://dbpedia.org/resource/Delaware"}, "MAX": {"datatype": "http://www.w3.org/2001/XMLSchema#nonNegativeInteger", "type": "typed-literal", "value": "254"}}, {"X": {"type": "uri", "value": "http://dbpedia.org/resource/Salve_Regina_University"}, "S": {"type": "uri", "value": "http://dbpedia.org/resource/Rhode_Island"}, "MAX": {"datatype": "http://www.w3.org/2001/XMLSchema#nonNegativeInteger", "type": "typed-literal", "value": "2158"}}, {"X": {"type": "uri", "value": "http://dbpedia.org/resource/Eastern_Kentucky_University"}, "S": {"type": "uri", "value": "http://dbpedia.org/resource/Kentucky"}, "MAX": {"datatype": "http://www.w3.org/2001/XMLSchema#nonNegativeInteger", "type": "typed-literal", "value": "14293"}}, {"X": {"type": "uri", "value": "http://dbpedia.org/resource/Montana_State_University_Billings"}, "S": {"type": "uri", "value": "http://dbpedia.org/resource/Montana"}, "MAX": {"datatype": "http://www.w3.org/2001/XMLSchema#nonNegativeInteger", "type": "typed-literal", "value": "3972"}}, {"X": {"type": "uri", "value": "http://dbpedia.org/resource/West_Virginia_University_at_Parkersburg"}, "S": {"type": "uri", "value": "http://dbpedia.org/resource/West_Virginia"}, "MAX": {"datatype": "http://www.w3.org/2001/XMLSchema#nonNegativeInteger", "type": "typed-literal", "value": "4292"}}, {"X": {"type": "uri", "value": "http://dbpedia.org/resource/Concordia_University_Wisconsin"}, "S": {"type": "uri", "value": "http://dbpedia.org/resource/Wisconsin"}, "MAX": {"datatype": "http://www.w3.org/2001/XMLSchema#nonNegativeInteger", "type": "typed-literal", "value": "3830"}}, {"X": {"type": "uri", "value": "http://dbpedia.org/resource/Fulton\u2013Montgomery_Community_College"}, "S": {"type": "uri", "value": "http://dbpedia.org/resource/New_York"}, "MAX": {"datatype": "http://www.w3.org/2001/XMLSchema#nonNegativeInteger", "type": "typed-literal", "value": "2700"}}, {"X": {"type": "uri", "value": "http://dbpedia.org/resource/Bridgewater_State_University"}, "S": {"type": "uri", "value": "http://dbpedia.org/resource/Massachusetts"}, "MAX": {"datatype": "http://www.w3.org/2001/XMLSchema#nonNegativeInteger", "type": "typed-literal", "value": "9628"}}, {"X": {"type": "uri", "value": "http://dbpedia.org/resource/New_England_College"}, "S": {"type": "uri", "value": "http://dbpedia.org/resource/New_Hampshire"}, "MAX": {"datatype": "http://www.w3.org/2001/XMLSchema#nonNegativeInteger", "type": "typed-literal", "value": "1200"}}, {"X": {"type": "uri", "value": "http://dbpedia.org/resource/Maine_Maritime_Academy"}, "S": {"type": "uri", "value": "http://dbpedia.org/resource/Maine"}, "MAX": {"datatype": "http://www.w3.org/2001/XMLSchema#nonNegativeInteger", "type": "typed-literal", "value": "937"}}, {"X": {"type": "uri", "value": "http://dbpedia.org/resource/St._Thomas_University_(Florida)"}, "S": {"type": "uri", "value": "http://dbpedia.org/resource/Florida"}, "MAX": {"datatype": "http://www.w3.org/2001/XMLSchema#nonNegativeInteger", "type": "typed-literal", "value": "2752"}}, {"X": {"type": "uri", "value": "http://dbpedia.org/resource/Ohio_State_University,_Lima_Campus"}, "S": {"type": "uri", "value": "http://dbpedia.org/resource/Ohio"}, "MAX": {"datatype": "http://www.w3.org/2001/XMLSchema#nonNegativeInteger", "type": "typed-literal", "value": "44307"}}, {"X": {"type": "uri", "value": "http://dbpedia.org/resource/Ohio_State_University,_Mansfield_Campus"}, "S": {"type": "uri", "value": "http://dbpedia.org/resource/Ohio"}, "MAX": {"datatype": "http://www.w3.org/2001/XMLSchema#nonNegativeInteger", "type": "typed-literal", "value": "44307"}}, {"X": {"type": "uri", "value": "http://dbpedia.org/resource/Ohio_State_University,_Marion_Campus"}, "S": {"type": "uri", "value": "http://dbpedia.org/resource/Ohio"}, "MAX": {"datatype": "http://www.w3.org/2001/XMLSchema#nonNegativeInteger", "type": "typed-literal", "value": "44307"}}, {"X": {"type": "uri", "value": "http://dbpedia.org/resource/Ohio_State_University,_Newark_Campus"}, "S": {"type": "uri", "value": "http://dbpedia.org/resource/Ohio"}, "MAX": {"datatype": "http://www.w3.org/2001/XMLSchema#nonNegativeInteger", "type": "typed-literal", "value": "44307"}}, {"X": {"type": "uri", "value": "http://dbpedia.org/resource/Saint_Michael's_College"}, "S": {"type": "uri", "value": "http://dbpedia.org/resource/Vermont"}, "MAX": {"datatype": "http://www.w3.org/2001/XMLSchema#nonNegativeInteger", "type": "typed-literal", "value": "1899"}}, {"X": {"type": "uri", "value": "http://dbpedia.org/resource/Augustana_University"}, "S": {"type": "uri", "value": "http://dbpedia.org/resource/South_Dakota"}, "MAX": {"datatype": "http://www.w3.org/2001/XMLSchema#nonNegativeInteger", "type": "typed-literal", "value": "1613"}}, {"X": {"type": "uri", "value": "http://dbpedia.org/resource/Indiana_Institute_of_Technology"}, "S": {"type": "uri", "value": "http://dbpedia.org/resource/Indiana"}, "MAX": {"datatype": "http://www.w3.org/2001/XMLSchema#nonNegativeInteger", "type": "typed-literal", "value": "8848"}}, {"X": {"type": "uri", "value": "http://dbpedia.org/resource/Eastern_Connecticut_State_University"}, "S": {"type": "uri", "value": "http://dbpedia.org/resource/Connecticut"}, "MAX": {"datatype": "http://www.w3.org/2001/XMLSchema#nonNegativeInteger", "type": "typed-literal", "value": "4420"}}, {"X": {"type": "uri", "value": "http://dbpedia.org/resource/San_Diego_Community_College_District"}, "S": {"type": "uri", "value": "http://dbpedia.org/resource/California"}, "MAX": {"datatype": "http://www.w3.org/2001/XMLSchema#nonNegativeInteger", "type": "typed-literal", "value": "74126"}}, {"X": {"type": "uri", "value": "http://dbpedia.org/resource/Augusta_State_University"}, "S": {"type": "uri", "value": "http://dbpedia.org/resource/Georgia_(U.S._state)"}, "MAX": {"datatype": "http://www.w3.org/2001/XMLSchema#nonNegativeInteger", "type": "typed-literal", "value": "5628"}}, {"X": {"type": "uri", "value": "http://dbpedia.org/resource/Tusculum_College"}, "S": {"type": "uri", "value": "http://dbpedia.org/resource/Tennessee"}, "MAX": {"datatype": "http://www.w3.org/2001/XMLSchema#nonNegativeInteger", "type": "typed-literal", "value": "2446"}}, {"X": {"type": "uri", "value": "http://dbpedia.org/resource/Sierra_Nevada_College"}, "S": {"type": "uri", "value": "http://dbpedia.org/resource/Nevada"}, "MAX": {"datatype": "http://www.w3.org/2001/XMLSchema#nonNegativeInteger", "type": "typed-literal", "value": "540"}}, {"X": {"type": "uri", "value": "http://dbpedia.org/resource/New_Mexico_Institute_of_Mining_and_Technology"}, "S": {"type": "uri", "value": "http://dbpedia.org/resource/New_Mexico"}, "MAX": {"datatype": "http://www.w3.org/2001/XMLSchema#nonNegativeInteger", "type": "typed-literal", "value": "1532"}}, {"X": {"type": "uri", "value": "http://dbpedia.org/resource/Black_Hawk_College"}, "S": {"type": "uri", "value": "http://dbpedia.org/resource/Illinois"}, "MAX": {"datatype": "http://www.w3.org/2001/XMLSchema#nonNegativeInteger", "type": "typed-literal", "value": "6400"}}, {"X": {"type": "uri", "value": "http://dbpedia.org/resource/University_of_Mary_Hardin\u2013Baylor"}, "S": {"type": "uri", "value": "http://dbpedia.org/resource/Texas"}, "MAX": {"datatype": "http://www.w3.org/2001/XMLSchema#nonNegativeInteger", "type": "typed-literal", "value": "4000"}}, {"X": {"type": "uri", "value": "http://dbpedia.org/resource/Alexandria_Technical_and_Community_College"}, "S": {"type": "uri", "value": "http://dbpedia.org/resource/Minnesota"}, "MAX": {"datatype": "http://www.w3.org/2001/XMLSchema#nonNegativeInteger", "type": "typed-literal", "value": "4000"}}, {"X": {"type": "uri", "value": "http://dbpedia.org/resource/University_of_Iowa_College_of_Liberal_Arts_and_Sciences"}, "S": {"type": "uri", "value": "http://dbpedia.org/resource/Iowa"}, "MAX": {"datatype": "http://www.w3.org/2001/XMLSchema#nonNegativeInteger", "type": "typed-literal", "value": "16000"}}, {"X": {"type": "uri", "value": "http://dbpedia.org/resource/David_Eccles_School_of_Business"}, "S": {"type": "uri", "value": "http://dbpedia.org/resource/Utah"}, "MAX": {"datatype": "http://www.w3.org/2001/XMLSchema#nonNegativeInteger", "type": "typed-literal", "value": "4409"}}, {"X": {"type": "uri", "value": "http://dbpedia.org/resource/Louisiana_State_University_of_Alexandria"}, "S": {"type": "uri", "value": "http://dbpedia.org/resource/Louisiana"}, "MAX": {"datatype": "http://www.w3.org/2001/XMLSchema#nonNegativeInteger", "type": "typed-literal", "value": "3378"}}], "ordered": true}}