{"head": {"link": [], "vars": ["X", "Ng"]}, "results": {"distinct": false, "bindings": [{"X": {"type": "uri", "value": "http://dbpedia.org/resource/University_of_California,_San_Francisco"}, "Ng": {"datatype": "http://www.w3.org/2001/XMLSchema#nonNegativeInteger", "type": "typed-literal", "value": "4904"}}, {"X": {"type": "uri", "value": "http://dbpedia.org/resource/Columbia_University_School_of_Social_Work"}, "Ng": {"datatype": "http://www.w3.org/2001/XMLSchema#nonNegativeInteger", "type": "typed-literal", "value": "900"}}, {"X": {"type": "uri", "value": "http://dbpedia.org/resource/University_of_Texas_Health_Science_Center_at_Houston"}, "Ng": {"datatype": "http://www.w3.org/2001/XMLSchema#nonNegativeInteger", "type": "typed-literal", "value": "4811"}}, {"X": {"type": "uri", "value": "http://dbpedia.org/resource/University_of_Texas_Health_Science_Center_at_Houston"}, "Ng": {"datatype": "http://www.w3.org/2001/XMLSchema#nonNegativeInteger", "type": "typed-literal", "value": "548"}}, {"X": {"type": "uri", "value": "http://dbpedia.org/resource/University_of_Texas_Health_Science_Center_at_Houston"}, "Ng": {"datatype": "http://www.w3.org/2001/XMLSchema#nonNegativeInteger", "type": "typed-literal", "value": "1247"}}, {"X": {"type": "uri", "value": "http://dbpedia.org/resource/University_of_Texas_Health_Science_Center_at_Houston"}, "Ng": {"datatype": "http://www.w3.org/2001/XMLSchema#nonNegativeInteger", "type": "typed-literal", "value": "245"}}, {"X": {"type": "uri", "value": "http://dbpedia.org/resource/University_of_Texas_Health_Science_Center_at_Houston"}, "Ng": {"datatype": "http://www.w3.org/2001/XMLSchema#nonNegativeInteger", "type": "typed-literal", "value": "437"}}, {"X": {"type": "uri", "value": "http://dbpedia.org/resource/University_of_Texas_Health_Science_Center_at_Houston"}, "Ng": {"datatype": "http://www.w3.org/2001/XMLSchema#nonNegativeInteger", "type": "typed-literal", "value": "1274"}}, {"X": {"type": "uri", "value": "http://dbpedia.org/resource/University_of_Texas_Health_Science_Center_at_Houston"}, "Ng": {"datatype": "http://www.w3.org/2001/XMLSchema#nonNegativeInteger", "type": "typed-literal", "value": "1060"}}, {"X": {"type": "uri", "value": "http://dbpedia.org/resource/Institute_of_Paper_Science_and_Technology"}, "Ng": {"datatype": "http://www.w3.org/2001/XMLSchema#nonNegativeInteger", "type": "typed-literal", "value": "50"}}, {"X": {"type": "uri", "value": "http://dbpedia.org/resource/Simon_Business_School"}, "Ng": {"datatype": "http://www.w3.org/2001/XMLSchema#nonNegativeInteger", "type": "typed-literal", "value": "182"}}, {"X": {"type": "uri", "value": "http://dbpedia.org/resource/Lee_Business_School"}, "Ng": {"datatype": "http://www.w3.org/2001/XMLSchema#nonNegativeInteger", "type": "typed-literal", "value": "500"}}, {"X": {"type": "uri", "value": "http://dbpedia.org/resource/Uniformed_Services_University_of_the_Health_Sciences"}, "Ng": {"datatype": "http://www.w3.org/2001/XMLSchema#nonNegativeInteger", "type": "typed-literal", "value": "1200"}}, {"X": {"type": "uri", "value": "http://dbpedia.org/resource/University_of_Saint_Mary_of_the_Lake"}, "Ng": {"datatype": "http://www.w3.org/2001/XMLSchema#nonNegativeInteger", "type": "typed-literal", "value": "250"}}, {"X": {"type": "uri", "value": "http://dbpedia.org/resource/Medical_College_of_Georgia"}, "Ng": {"datatype": "http://www.w3.org/2001/XMLSchema#nonNegativeInteger", "type": "typed-literal", "value": "643"}}, {"X": {"type": "uri", "value": "http://dbpedia.org/resource/University_of_Pittsburgh_Graduate_School_of_Public_and_International_Affairs"}, "Ng": {"datatype": "http://www.w3.org/2001/XMLSchema#nonNegativeInteger", "type": "typed-literal", "value": "411"}}, {"X": {"type": "uri", "value": "http://dbpedia.org/resource/Maxwell_School_of_Citizenship_and_Public_Affairs"}, "Ng": {"datatype": "http://www.w3.org/2001/XMLSchema#nonNegativeInteger", "type": "typed-literal", "value": "800"}}, {"X": {"type": "uri", "value": "http://dbpedia.org/resource/St._John's_College_(Annapolis/Santa_Fe)"}, "Ng": {"datatype": "http://www.w3.org/2001/XMLSchema#nonNegativeInteger", "type": "typed-literal", "value": "160"}}, {"X": {"type": "uri", "value": "http://dbpedia.org/resource/Kellogg_School_of_Management"}, "Ng": {"datatype": "http://www.w3.org/2001/XMLSchema#nonNegativeInteger", "type": "typed-literal", "value": "1162"}}, {"X": {"type": "uri", "value": "http://dbpedia.org/resource/Heinz_College"}, "Ng": {"datatype": "http://www.w3.org/2001/XMLSchema#nonNegativeInteger", "type": "typed-literal", "value": "1518"}}, {"X": {"type": "uri", "value": "http://dbpedia.org/resource/Fuqua_School_of_Business"}, "Ng": {"datatype": "http://www.w3.org/2001/XMLSchema#nonNegativeInteger", "type": "typed-literal", "value": "503"}}, {"X": {"type": "uri", "value": "http://dbpedia.org/resource/Fuqua_School_of_Business"}, "Ng": {"datatype": "http://www.w3.org/2001/XMLSchema#nonNegativeInteger", "type": "typed-literal", "value": "130"}}, {"X": {"type": "uri", "value": "http://dbpedia.org/resource/Fuqua_School_of_Business"}, "Ng": {"datatype": "http://www.w3.org/2001/XMLSchema#nonNegativeInteger", "type": "typed-literal", "value": "861"}}, {"X": {"type": "uri", "value": "http://dbpedia.org/resource/Penn_State_Milton_S._Hershey_Medical_Center__Penn_State_College_of_Medicine__1"}, "Ng": {"datatype": "http://www.w3.org/2001/XMLSchema#nonNegativeInteger", "type": "typed-literal", "value": "1004"}}, {"X": {"type": "uri", "value": "http://dbpedia.org/resource/William_Carey_International_University"}, "Ng": {"datatype": "http://www.w3.org/2001/XMLSchema#nonNegativeInteger", "type": "typed-literal", "value": "40"}}, {"X": {"type": "uri", "value": "http://dbpedia.org/resource/Elizabethtown_College"}, "Ng": {"datatype": "http://www.w3.org/2001/XMLSchema#nonNegativeInteger", "type": "typed-literal", "value": "42"}}, {"X": {"type": "uri", "value": "http://dbpedia.org/resource/Brody_School_of_Medicine_at_East_Carolina_University"}, "Ng": {"datatype": "http://www.w3.org/2001/XMLSchema#nonNegativeInteger", "type": "typed-literal", "value": "80"}}, {"X": {"type": "uri", "value": "http://dbpedia.org/resource/Rensselaer_at_Hartford"}, "Ng": {"datatype": "http://www.w3.org/2001/XMLSchema#nonNegativeInteger", "type": "typed-literal", "value": "707"}}, {"X": {"type": "uri", "value": "http://dbpedia.org/resource/Jesuit_School_of_Theology_of_Santa_Clara_University"}, "Ng": {"datatype": "http://www.w3.org/2001/XMLSchema#nonNegativeInteger", "type": "typed-literal", "value": "148"}}, {"X": {"type": "uri", "value": "http://dbpedia.org/resource/University_of_Connecticut_School_of_Law"}, "Ng": {"datatype": "http://www.w3.org/2001/XMLSchema#nonNegativeInteger", "type": "typed-literal", "value": "621"}}, {"X": {"type": "uri", "value": "http://dbpedia.org/resource/Erikson_Institute"}, "Ng": {"datatype": "http://www.w3.org/2001/XMLSchema#nonNegativeInteger", "type": "typed-literal", "value": "300"}}, {"X": {"type": "uri", "value": "http://dbpedia.org/resource/Saunders_College_of_Business"}, "Ng": {"datatype": "http://www.w3.org/2001/XMLSchema#nonNegativeInteger", "type": "typed-literal", "value": "346"}}, {"X": {"type": "uri", "value": "http://dbpedia.org/resource/University_of_Wisconsin\u2013Washington_County"}, "Ng": {"datatype": "http://www.w3.org/2001/XMLSchema#nonNegativeInteger", "type": "typed-literal", "value": "0"}}, {"X": {"type": "uri", "value": "http://dbpedia.org/resource/Computer_Systems_Institute"}, "Ng": {"datatype": "http://www.w3.org/2001/XMLSchema#nonNegativeInteger", "type": "typed-literal", "value": "1300"}}, {"X": {"type": "uri", "value": "http://dbpedia.org/resource/OU_School_of_Community_Medicine"}, "Ng": {"datatype": "http://www.w3.org/2001/XMLSchema#nonNegativeInteger", "type": "typed-literal", "value": "110"}}, {"X": {"type": "uri", "value": "http://dbpedia.org/resource/College_of_Osteopathic_Medicine_of_the_Pacific,_Northwest"}, "Ng": {"datatype": "http://www.w3.org/2001/XMLSchema#nonNegativeInteger", "type": "typed-literal", "value": "212"}}, {"X": {"type": "uri", "value": "http://dbpedia.org/resource/University_of_the_Incarnate_Word_School_of_Osteopathic_Medicine"}, "Ng": {"datatype": "http://www.w3.org/2001/XMLSchema#nonNegativeInteger", "type": "typed-literal", "value": "150"}}], "ordered": true}}