{"head": {"link": [], "vars": ["S", "num"]}, "results": {"distinct": false, "bindings": [{"S": {"type": "uri", "value": "http://dbpedia.org/resource/University_of_California,_San_Francisco"}, "num": {"datatype": "http://www.w3.org/2001/XMLSchema#integer", "type": "typed-literal", "value": "6"}}, {"S": {"type": "uri", "value": "http://dbpedia.org/resource/Stanford_University"}, "num": {"datatype": "http://www.w3.org/2001/XMLSchema#integer", "type": "typed-literal", "value": "6"}}, {"S": {"type": "uri", "value": "http://dbpedia.org/resource/Duke_University"}, "num": {"datatype": "http://www.w3.org/2001/XMLSchema#integer", "type": "typed-literal", "value": "4"}}, {"S": {"type": "uri", "value": "http://dbpedia.org/resource/Florida_State_University"}, "num": {"datatype": "http://www.w3.org/2001/XMLSchema#integer", "type": "typed-literal", "value": "4"}}, {"S": {"type": "uri", "value": "http://dbpedia.org/resource/Brigham_Young_University"}, "num": {"datatype": "http://www.w3.org/2001/XMLSchema#integer", "type": "typed-literal", "value": "3"}}, {"S": {"type": "uri", "value": "http://dbpedia.org/resource/Princeton_University"}, "num": {"datatype": "http://www.w3.org/2001/XMLSchema#integer", "type": "typed-literal", "value": "3"}}, {"S": {"type": "uri", "value": "http://dbpedia.org/resource/Iowa_State_University"}, "num": {"datatype": "http://www.w3.org/2001/XMLSchema#integer", "type": "typed-literal", "value": "3"}}, {"S": {"type": "uri", "value": "http://dbpedia.org/resource/University_of_St._Thomas_(Minnesota)"}, "num": {"datatype": "http://www.w3.org/2001/XMLSchema#integer", "type": "typed-literal", "value": "2"}}, {"S": {"type": "uri", "value": "http://dbpedia.org/resource/Georgia_Institute_of_Technology"}, "num": {"datatype": "http://www.w3.org/2001/XMLSchema#integer", "type": "typed-literal", "value": "2"}}, {"S": {"type": "uri", "value": "http://dbpedia.org/resource/PhD"}, "num": {"datatype": "http://www.w3.org/2001/XMLSchema#integer", "type": "typed-literal", "value": "2"}}, {"S": {"type": "uri", "value": "http://dbpedia.org/resource/University_of_South_Florida"}, "num": {"datatype": "http://www.w3.org/2001/XMLSchema#integer", "type": "typed-literal", "value": "2"}}, {"S": {"type": "uri", "value": "http://dbpedia.org/resource/Georgetown_University"}, "num": {"datatype": "http://www.w3.org/2001/XMLSchema#integer", "type": "typed-literal", "value": "2"}}, {"S": {"type": "uri", "value": "http://dbpedia.org/resource/Nova_Southeastern_University"}, "num": {"datatype": "http://www.w3.org/2001/XMLSchema#integer", "type": "typed-literal", "value": "2"}}, {"S": {"type": "uri", "value": "http://dbpedia.org/resource/Brown_University"}, "num": {"datatype": "http://www.w3.org/2001/XMLSchema#integer", "type": "typed-literal", "value": "2"}}, {"S": {"type": "uri", "value": "http://dbpedia.org/resource/Mercer_University"}, "num": {"datatype": "http://www.w3.org/2001/XMLSchema#integer", "type": "typed-literal", "value": "2"}}, {"S": {"type": "uri", "value": "http://dbpedia.org/resource/Virginia_Tech"}, "num": {"datatype": "http://www.w3.org/2001/XMLSchema#integer", "type": "typed-literal", "value": "2"}}, {"S": {"type": "uri", "value": "http://dbpedia.org/resource/University_of_Oklahoma"}, "num": {"datatype": "http://www.w3.org/2001/XMLSchema#integer", "type": "typed-literal", "value": "2"}}, {"S": {"type": "uri", "value": "http://dbpedia.org/resource/Harvard_University"}, "num": {"datatype": "http://www.w3.org/2001/XMLSchema#integer", "type": "typed-literal", "value": "2"}}, {"S": {"type": "uri", "value": "http://dbpedia.org/resource/University_of_Michigan"}, "num": {"datatype": "http://www.w3.org/2001/XMLSchema#integer", "type": "typed-literal", "value": "2"}}, {"S": {"type": "uri", "value": "http://dbpedia.org/resource/The_Catholic_University_of_America"}, "num": {"datatype": "http://www.w3.org/2001/XMLSchema#integer", "type": "typed-literal", "value": "2"}}, {"S": {"type": "uri", "value": "http://dbpedia.org/resource/Pontifical_North_American_College"}, "num": {"datatype": "http://www.w3.org/2001/XMLSchema#integer", "type": "typed-literal", "value": "2"}}, {"S": {"type": "uri", "value": "http://dbpedia.org/resource/Pontifical_Gregorian_University"}, "num": {"datatype": "http://www.w3.org/2001/XMLSchema#integer", "type": "typed-literal", "value": "2"}}, {"S": {"type": "uri", "value": "http://dbpedia.org/resource/Saint_Vincent_College"}, "num": {"datatype": "http://www.w3.org/2001/XMLSchema#integer", "type": "typed-literal", "value": "2"}}, {"S": {"type": "uri", "value": "http://dbpedia.org/resource/Ph.D."}, "num": {"datatype": "http://www.w3.org/2001/XMLSchema#integer", "type": "typed-literal", "value": "2"}}, {"S": {"type": "uri", "value": "http://dbpedia.org/resource/B.Sc."}, "num": {"datatype": "http://www.w3.org/2001/XMLSchema#integer", "type": "typed-literal", "value": "2"}}, {"S": {"type": "uri", "value": "http://dbpedia.org/resource/Bachelor_of_Arts"}, "num": {"datatype": "http://www.w3.org/2001/XMLSchema#integer", "type": "typed-literal", "value": "2"}}, {"S": {"type": "uri", "value": "http://dbpedia.org/resource/Rensselaer_Polytechnic_Institute"}, "num": {"datatype": "http://www.w3.org/2001/XMLSchema#integer", "type": "typed-literal", "value": "2"}}, {"S": {"type": "uri", "value": "http://dbpedia.org/resource/Clearwater_Christian_College"}, "num": {"datatype": "http://www.w3.org/2001/XMLSchema#integer", "type": "typed-literal", "value": "2"}}, {"S": {"type": "uri", "value": "http://dbpedia.org/resource/Syracuse_University"}, "num": {"datatype": "http://www.w3.org/2001/XMLSchema#integer", "type": "typed-literal", "value": "2"}}, {"S": {"type": "uri", "value": "http://dbpedia.org/resource/Oberlin_College"}, "num": {"datatype": "http://www.w3.org/2001/XMLSchema#integer", "type": "typed-literal", "value": "2"}}, {"S": {"type": "uri", "value": "http://dbpedia.org/resource/University_of_Pennsylvania"}, "num": {"datatype": "http://www.w3.org/2001/XMLSchema#integer", "type": "typed-literal", "value": "2"}}, {"S": {"type": "uri", "value": "http://dbpedia.org/resource/Mount_Allison_University"}, "num": {"datatype": "http://www.w3.org/2001/XMLSchema#integer", "type": "typed-literal", "value": "2"}}, {"S": {"type": "uri", "value": "http://dbpedia.org/resource/Bank_Street_College_of_Education"}, "num": {"datatype": "http://www.w3.org/2001/XMLSchema#integer", "type": "typed-literal", "value": "2"}}, {"S": {"type": "uri", "value": "http://dbpedia.org/resource/Dalhousie_Law_School"}, "num": {"datatype": "http://www.w3.org/2001/XMLSchema#integer", "type": "typed-literal", "value": "2"}}, {"S": {"type": "uri", "value": "http://dbpedia.org/resource/London_School_of_Economics_and_Political_Science"}, "num": {"datatype": "http://www.w3.org/2001/XMLSchema#integer", "type": "typed-literal", "value": "2"}}, {"S": {"type": "uri", "value": "http://dbpedia.org/resource/University_of_Alberta"}, "num": {"datatype": "http://www.w3.org/2001/XMLSchema#integer", "type": "typed-literal", "value": "2"}}, {"S": {"type": "uri", "value": "http://dbpedia.org/resource/University_of_Oxford"}, "num": {"datatype": "http://www.w3.org/2001/XMLSchema#integer", "type": "typed-literal", "value": "2"}}, {"S": {"type": "uri", "value": "http://dbpedia.org/resource/Yale_Law_School"}, "num": {"datatype": "http://www.w3.org/2001/XMLSchema#integer", "type": "typed-literal", "value": "2"}}, {"S": {"type": "uri", "value": "http://dbpedia.org/resource/University_of_Southern_California"}, "num": {"datatype": "http://www.w3.org/2001/XMLSchema#integer", "type": "typed-literal", "value": "2"}}, {"S": {"type": "uri", "value": "http://dbpedia.org/resource/University_of_Notre_Dame"}, "num": {"datatype": "http://www.w3.org/2001/XMLSchema#integer", "type": "typed-literal", "value": "2"}}, {"S": {"type": "uri", "value": "http://dbpedia.org/resource/Yale_University"}, "num": {"datatype": "http://www.w3.org/2001/XMLSchema#integer", "type": "typed-literal", "value": "2"}}, {"S": {"type": "uri", "value": "http://dbpedia.org/resource/Master_of_Arts"}, "num": {"datatype": "http://www.w3.org/2001/XMLSchema#integer", "type": "typed-literal", "value": "2"}}, {"S": {"type": "uri", "value": "http://dbpedia.org/resource/Mendoza_College_of_Business"}, "num": {"datatype": "http://www.w3.org/2001/XMLSchema#integer", "type": "typed-literal", "value": "2"}}, {"S": {"type": "uri", "value": "http://dbpedia.org/resource/University_of_Chicago_Divinity_School"}, "num": {"datatype": "http://www.w3.org/2001/XMLSchema#integer", "type": "typed-literal", "value": "2"}}, {"S": {"type": "uri", "value": "http://dbpedia.org/resource/Johns_Hopkins_University"}, "num": {"datatype": "http://www.w3.org/2001/XMLSchema#integer", "type": "typed-literal", "value": "2"}}, {"S": {"type": "uri", "value": "http://dbpedia.org/resource/University_of_California,_Davis"}, "num": {"datatype": "http://www.w3.org/2001/XMLSchema#integer", "type": "typed-literal", "value": "2"}}, {"S": {"type": "uri", "value": "http://dbpedia.org/resource/Georgia_State_University"}, "num": {"datatype": "http://www.w3.org/2001/XMLSchema#integer", "type": "typed-literal", "value": "2"}}, {"S": {"type": "uri", "value": "http://dbpedia.org/resource/Barry_University"}, "num": {"datatype": "http://www.w3.org/2001/XMLSchema#integer", "type": "typed-literal", "value": "2"}}, {"S": {"type": "uri", "value": "http://dbpedia.org/resource/University_of_Illinois"}, "num": {"datatype": "http://www.w3.org/2001/XMLSchema#integer", "type": "typed-literal", "value": "1"}}, {"S": {"type": "uri", "value": "http://dbpedia.org/resource/University_of_California_Los_Angeles"}, "num": {"datatype": "http://www.w3.org/2001/XMLSchema#integer", "type": "typed-literal", "value": "1"}}, {"S": {"type": "uri", "value": "http://dbpedia.org/resource/Indian_Institute_of_Technology_Madras"}, "num": {"datatype": "http://www.w3.org/2001/XMLSchema#integer", "type": "typed-literal", "value": "1"}}, {"S": {"type": "uri", "value": "http://dbpedia.org/resource/University_of_Connecticut"}, "num": {"datatype": "http://www.w3.org/2001/XMLSchema#integer", "type": "typed-literal", "value": "1"}}, {"S": {"type": "uri", "value": "http://dbpedia.org/resource/Massachusetts_Institute_of_Technology"}, "num": {"datatype": "http://www.w3.org/2001/XMLSchema#integer", "type": "typed-literal", "value": "1"}}, {"S": {"type": "uri", "value": "http://dbpedia.org/resource/Illinois_State_University"}, "num": {"datatype": "http://www.w3.org/2001/XMLSchema#integer", "type": "typed-literal", "value": "1"}}, {"S": {"type": "uri", "value": "http://dbpedia.org/resource/Hampton_Institute"}, "num": {"datatype": "http://www.w3.org/2001/XMLSchema#integer", "type": "typed-literal", "value": "1"}}, {"S": {"type": "uri", "value": "http://dbpedia.org/resource/University_of_Virginia_School_of_Law"}, "num": {"datatype": "http://www.w3.org/2001/XMLSchema#integer", "type": "typed-literal", "value": "1"}}, {"S": {"type": "uri", "value": "http://dbpedia.org/resource/University_of_Pittsburgh"}, "num": {"datatype": "http://www.w3.org/2001/XMLSchema#integer", "type": "typed-literal", "value": "1"}}, {"S": {"type": "uri", "value": "http://dbpedia.org/resource/College_of_Eastern_Utah"}, "num": {"datatype": "http://www.w3.org/2001/XMLSchema#integer", "type": "typed-literal", "value": "1"}}, {"S": {"type": "uri", "value": "http://dbpedia.org/resource/University_of_Illinois_at_Urbana-Champaign"}, "num": {"datatype": "http://www.w3.org/2001/XMLSchema#integer", "type": "typed-literal", "value": "1"}}], "ordered": true}}