{"head": {"link": [], "vars": ["P"]}, "results": {"distinct": false, "bindings": [{"P": {"type": "uri", "value": "http://dbpedia.org/resource/Alonzo_Church"}}, {"P": {"type": "uri", "value": "http://dbpedia.org/resource/Robin_Gandy"}}, {"P": {"type": "uri", "value": "http://dbpedia.org/resource/Max_Newman"}}, {"P": {"type": "uri", "value": "http://dbpedia.org/resource/Ludwig_Wittgenstein"}}, {"P": {"type": "uri", "value": "http://dbpedia.org/resource/Ned_Block"}}, {"P": {"type": "uri", "value": "http://dbpedia.org/resource/Ilya_Prigogine"}}, {"P": {"type": "uri", "value": "http://dbpedia.org/resource/Jack_Copeland"}}, {"P": {"type": "uri", "value": "http://dbpedia.org/resource/Hilary_Putnam"}}, {"P": {"type": "uri", "value": "http://dbpedia.org/resource/Jonathan_Bowen"}}, {"P": {"type": "uri", "value": "http://dbpedia.org/resource/Stevan_Harnad"}}, {"P": {"type": "uri", "value": "http://dbpedia.org/resource/Gisbert_Hasenjaeger"}}, {"P": {"type": "uri", "value": "http://dbpedia.org/resource/Joan_Clarke"}}, {"P": {"type": "uri", "value": "http://dbpedia.org/resource/Heinrich_Scholz"}}], "ordered": true}}