{"head": {"link": [], "vars": ["N"]}, "results": {"distinct": false, "bindings": [{"N": {"type": "uri", "value": "http://dbpedia.org/resource/Alonzo_Church"}}, {"N": {"type": "uri", "value": "http://dbpedia.org/resource/Robin_Gandy"}}, {"N": {"type": "uri", "value": "http://dbpedia.org/resource/Max_Newman"}}, {"N": {"type": "uri", "value": "http://dbpedia.org/resource/Ludwig_Wittgenstein"}}, {"N": {"type": "uri", "value": "http://dbpedia.org/resource/Ned_Block"}}, {"N": {"type": "uri", "value": "http://dbpedia.org/resource/Ilya_Prigogine"}}, {"N": {"type": "uri", "value": "http://dbpedia.org/resource/Jack_Copeland"}}, {"N": {"type": "uri", "value": "http://dbpedia.org/resource/Hilary_Putnam"}}, {"N": {"type": "uri", "value": "http://dbpedia.org/resource/Jonathan_Bowen"}}, {"N": {"type": "uri", "value": "http://dbpedia.org/resource/Stevan_Harnad"}}, {"N": {"type": "uri", "value": "http://dbpedia.org/resource/Gisbert_Hasenjaeger"}}, {"N": {"type": "uri", "value": "http://dbpedia.org/resource/Joan_Clarke"}}, {"N": {"type": "uri", "value": "http://dbpedia.org/resource/Heinrich_Scholz"}}, {"N": {"type": "uri", "value": "http://dbpedia.org/resource/Raymond_Smullyan"}}, {"N": {"type": "uri", "value": "http://dbpedia.org/resource/Alan_Turing"}}, {"N": {"type": "uri", "value": "http://dbpedia.org/resource/Jeff_Paris"}}, {"N": {"type": "uri", "value": "http://dbpedia.org/resource/Sze-Tsen_Hu"}}, {"N": {"type": "uri", "value": "http://dbpedia.org/resource/Martin_Hyland"}}, {"N": {"type": "uri", "value": "http://dbpedia.org/resource/Alfred_Foster_(mathematician)"}}, {"N": {"type": "uri", "value": "http://dbpedia.org/resource/Dana_Scott"}}, {"N": {"type": "uri", "value": "http://dbpedia.org/resource/David_Kaplan_(philosopher)"}}, {"N": {"type": "uri", "value": "http://dbpedia.org/resource/George_Alfred_Barnard"}}, {"N": {"type": "uri", "value": "http://dbpedia.org/resource/J._Barkley_Rosser"}}, {"N": {"type": "uri", "value": "http://dbpedia.org/resource/Martin_Davis"}}, {"N": {"type": "uri", "value": "http://dbpedia.org/resource/Michael_O._Rabin"}}, {"N": {"type": "uri", "value": "http://dbpedia.org/resource/Oswald_Veblen"}}, {"N": {"type": "uri", "value": "http://dbpedia.org/resource/George_Boolos"}}, {"N": {"type": "uri", "value": "http://dbpedia.org/resource/Hans_Reichenbach"}}, {"N": {"type": "uri", "value": "http://dbpedia.org/resource/John_Worrall_(philosopher)"}}, {"N": {"type": "uri", "value": "http://dbpedia.org/resource/Martha_Nussbaum"}}, {"N": {"type": "uri", "value": "http://dbpedia.org/resource/Tyler_Burge"}}, {"N": {"type": "uri", "value": "http://dbpedia.org/resource/Arthur_Schopenhauer"}}, {"N": {"type": "uri", "value": "http://dbpedia.org/resource/Fyodor_Dostoyevsky"}}, {"N": {"type": "uri", "value": "http://dbpedia.org/resource/S\u00f8ren_Kierkegaard"}}, {"N": {"type": "uri", "value": "http://dbpedia.org/resource/Baruch_Spinoza"}}, {"N": {"type": "uri", "value": "http://dbpedia.org/resource/Charles_Sanders_Peirce"}}, {"N": {"type": "uri", "value": "http://dbpedia.org/resource/Edmund_Husserl"}}, {"N": {"type": "uri", "value": "http://dbpedia.org/resource/Heinrich_Hertz"}}, {"N": {"type": "uri", "value": "http://dbpedia.org/resource/Henri_Bergson"}}, {"N": {"type": "uri", "value": "http://dbpedia.org/resource/Hermann_von_Helmholtz"}}, {"N": {"type": "uri", "value": "http://dbpedia.org/resource/Immanuel_Kant"}}, {"N": {"type": "uri", "value": "http://dbpedia.org/resource/John_McDowell"}}, {"N": {"type": "uri", "value": "http://dbpedia.org/resource/Noam_Chomsky"}}, {"N": {"type": "uri", "value": "http://dbpedia.org/resource/Oswald_Spengler"}}, {"N": {"type": "uri", "value": "http://dbpedia.org/resource/Rudolf_Carnap"}}, {"N": {"type": "uri", "value": "http://dbpedia.org/resource/Karl_Marx"}}, {"N": {"type": "uri", "value": "http://dbpedia.org/resource/Michael_J._C._Gordon"}}, {"N": {"type": "uri", "value": "http://dbpedia.org/resource/Bertrand_Russell"}}, {"N": {"type": "uri", "value": "http://dbpedia.org/resource/Charles_Darwin"}}, {"N": {"type": "uri", "value": "http://dbpedia.org/resource/Donald_Davidson_(philosopher)"}}, {"N": {"type": "uri", "value": "http://dbpedia.org/resource/Sigmund_Freud"}}, {"N": {"type": "uri", "value": "http://dbpedia.org/resource/William_James"}}, {"N": {"type": "uri", "value": "http://dbpedia.org/resource/Alvin_Plantinga"}}, {"N": {"type": "uri", "value": "http://dbpedia.org/resource/Joan_Clark"}}, {"N": {"type": "uri", "value": "http://dbpedia.org/resource/Daniel_Dennett"}}, {"N": {"type": "uri", "value": "http://dbpedia.org/resource/Leo_Tolstoy"}}, {"N": {"type": "uri", "value": "http://dbpedia.org/resource/John_Dewey"}}, {"N": {"type": "uri", "value": "http://dbpedia.org/resource/Julian_Jaynes"}}, {"N": {"type": "uri", "value": "http://dbpedia.org/resource/Paul_Feyerabend"}}, {"N": {"type": "uri", "value": "http://dbpedia.org/resource/Adolf_Loos"}}, {"N": {"type": "uri", "value": "http://dbpedia.org/resource/Cora_Diamond"}}, {"N": {"type": "uri", "value": "http://dbpedia.org/resource/Frank_P._Ramsey"}}, {"N": {"type": "uri", "value": "http://dbpedia.org/resource/G._E._Moore"}}, {"N": {"type": "uri", "value": "http://dbpedia.org/resource/Gilbert_Ryle"}}, {"N": {"type": "uri", "value": "http://dbpedia.org/resource/Gottlob_Frege"}}, {"N": {"type": "uri", "value": "http://dbpedia.org/resource/Ian_Hacking"}}, {"N": {"type": "uri", "value": "http://dbpedia.org/resource/Jean-Fran\u00e7ois_Lyotard"}}, {"N": {"type": "uri", "value": "http://dbpedia.org/resource/John_Searle"}}, {"N": {"type": "uri", "value": "http://dbpedia.org/resource/Jules_Vuillemin"}}, {"N": {"type": "uri", "value": "http://dbpedia.org/resource/Ludwig_Boltzmann"}}, {"N": {"type": "uri", "value": "http://dbpedia.org/resource/Otto_Weininger"}}, {"N": {"type": "uri", "value": "http://dbpedia.org/resource/Paul_Wittgenstein"}}, {"N": {"type": "uri", "value": "http://dbpedia.org/resource/Peter_Geach"}}, {"N": {"type": "uri", "value": "http://dbpedia.org/resource/Peter_Hacker"}}, {"N": {"type": "uri", "value": "http://dbpedia.org/resource/Piero_Sraffa"}}, {"N": {"type": "uri", "value": "http://dbpedia.org/resource/Reuben_Goodstein"}}, {"N": {"type": "uri", "value": "http://dbpedia.org/resource/Richard_Rorty"}}, {"N": {"type": "uri", "value": "http://dbpedia.org/resource/Saul_Kripke"}}, {"N": {"type": "uri", "value": "http://dbpedia.org/resource/Stephen_Toulmin"}}, {"N": {"type": "uri", "value": "http://dbpedia.org/resource/L._E._J._Brouwer"}}, {"N": {"type": "uri", "value": "http://dbpedia.org/resource/Jerry_Fodor"}}, {"N": {"type": "uri", "value": "http://dbpedia.org/resource/Adi_Bulsara"}}, {"N": {"type": "uri", "value": "http://dbpedia.org/resource/Michel_Serres"}}, {"N": {"type": "uri", "value": "http://dbpedia.org/resource/Alice_Crary"}}, {"N": {"type": "uri", "value": "http://dbpedia.org/resource/Dines_Bj\u00f8rner"}}, {"N": {"type": "uri", "value": "http://dbpedia.org/resource/Nelson_Goodman"}}, {"N": {"type": "uri", "value": "http://dbpedia.org/resource/Thomas_Kuhn"}}, {"N": {"type": "uri", "value": "http://dbpedia.org/resource/Willard_Van_Orman_Quine"}}, {"N": {"type": "uri", "value": "http://dbpedia.org/resource/Cliff_Jones_(computer_scientist)"}}, {"N": {"type": "uri", "value": "http://dbpedia.org/resource/Tony_Hoare"}}, {"N": {"type": "uri", "value": "http://dbpedia.org/resource/Donald_O._Hebb"}}, {"N": {"type": "uri", "value": "http://dbpedia.org/resource/Th\u00e9ophile_de_Donder"}}, {"N": {"type": "uri", "value": "http://dbpedia.org/resource/Ronald_Jensen"}}, {"N": {"type": "uri", "value": "http://dbpedia.org/resource/Paul_Benacerraf"}}, {"N": {"type": "uri", "value": "http://dbpedia.org/resource/Alfred_North_Whitehead"}}, {"N": {"type": "uri", "value": "http://dbpedia.org/resource/Karl_Schr\u00f6ter"}}, {"N": {"type": "uri", "value": "http://dbpedia.org/resource/Bernard_Bolzano"}}, {"N": {"type": "uri", "value": "http://dbpedia.org/resource/Friedrich_Schleiermacher"}}, {"N": {"type": "uri", "value": "http://dbpedia.org/resource/Adolf_von_Harnack"}}, {"N": {"type": "uri", "value": "http://dbpedia.org/resource/Otto_Toeplitz"}}, {"N": {"type": "uri", "value": "http://dbpedia.org/resource/Hans_Hermes"}}], "ordered": true}}