{"head": {"link": [], "vars": ["P1", "P2"]}, "results": {"distinct": false, "bindings": [{"P2": {"type": "uri", "value": "http://dbpedia.org/resource/Mary_Anne_MacLeod_Trump"}, "P1": {"type": "uri", "value": "http://dbpedia.org/resource/Fred_Trump"}}, {"P2": {"type": "uri", "value": "http://dbpedia.org/resource/Fred_Trump"}, "P1": {"type": "uri", "value": "http://dbpedia.org/resource/Mary_Anne_MacLeod_Trump"}}, {"P2": {"type": "uri", "value": "http://dbpedia.org/resource/Donald_Trump_Jr."}, "P1": {"type": "uri", "value": "http://dbpedia.org/resource/Ivana_Trump"}}, {"P2": {"type": "uri", "value": "http://dbpedia.org/resource/Tiffany_Trump"}, "P1": {"type": "uri", "value": "http://dbpedia.org/resource/Marla_Maples"}}, {"P2": {"type": "uri", "value": "http://dbpedia.org/resource/Eric_Trump"}, "P1": {"type": "uri", "value": "http://dbpedia.org/resource/Ivana_Trump"}}, {"P2": {"type": "uri", "value": "http://dbpedia.org/resource/Marla_Maples"}, "P1": {"type": "uri", "value": "http://dbpedia.org/resource/Tiffany_Trump"}}, {"P2": {"type": "uri", "value": "http://dbpedia.org/resource/Ivana_Trump"}, "P1": {"type": "uri", "value": "http://dbpedia.org/resource/Donald_Trump_Jr."}}, {"P2": {"type": "uri", "value": "http://dbpedia.org/resource/Ivana_Trump"}, "P1": {"type": "uri", "value": "http://dbpedia.org/resource/Eric_Trump"}}, {"P2": {"type": "uri", "value": "http://dbpedia.org/resource/Ivana_Trump"}, "P1": {"type": "uri", "value": "http://dbpedia.org/resource/Ivanka_Trump"}}, {"P2": {"type": "uri", "value": "http://dbpedia.org/resource/Ivanka_Trump"}, "P1": {"type": "uri", "value": "http://dbpedia.org/resource/Ivana_Trump"}}], "ordered": true}}