{"http://dbpedia.org/resource/Bertha_King": {"http://dbpedia.org/ontology/spouse": [{"type": "uri", "value": "http://dbpedia.org/resource/Stafford_King"}]}, "http://dbpedia.org/resource/Peter_Loughran": {"http://dbpedia.org/ontology/spouse": [{"type": "uri", "value": "http://dbpedia.org/resource/Lena_Headey"}]}, "http://dbpedia.org/resource/Avishkar_Darvekar": {"http://dbpedia.org/ontology/spouse": [{"type": "uri", "value": "http://dbpedia.org/resource/Sneha_Wagh"}]}, "http://dbpedia.org/resource/Prince_Mstislav_Galitzine": {"http://dbpedia.org/ontology/spouse": [{"type": "uri", "value": "http://dbpedia.org/resource/Aim\u00e9e_Crocker"}]}, "http://dbpedia.org/resource/Siwajibu_Salum_Abdallah": {"http://dbpedia.org/ontology/spouse": [{"type": "uri", "value": "http://dbpedia.org/resource/Lawrence_Gama"}]}, "http://dbpedia.org/resource/Mangayarkkarasiyar": {"http://dbpedia.org/ontology/spouse": [{"type": "uri", "value": "http://dbpedia.org/resource/Koon_Pandiyan"}]}, "http://dbpedia.org/resource/Emily_Hill": {"http://dbpedia.org/ontology/spouse": [{"type": "uri", "value": "http://dbpedia.org/resource/Henry_Hill_(educationalist)"}]}, "http://dbpedia.org/resource/Morteza_ebad": {"http://dbpedia.org/ontology/spouse": [{"type": "uri", "value": "http://dbpedia.org/resource/Burcu_K\u00f6ksal"}]}, "http://dbpedia.org/resource/Alfonso_Carlos_of_Bourbon,_Duke_of_San_Jaime": {"http://dbpedia.org/ontology/spouse": [{"type": "uri", "value": "http://dbpedia.org/resource/Infanta_Maria_das_Neves_of_Portugal"}]}, "http://dbpedia.org/resource/Bob_Friedland": {"http://dbpedia.org/ontology/spouse": [{"type": "uri", "value": "http://dbpedia.org/resource/Shyla_Stylez"}]}, "http://dbpedia.org/resource/Riichiro_Inagaki": {"http://dbpedia.org/ontology/spouse": [{"type": "uri", "value": "http://dbpedia.org/resource/Orie_Kimoto"}]}, "http://dbpedia.org/resource/Alexander_Miskinoff": {"http://dbpedia.org/ontology/spouse": [{"type": "uri", "value": "http://dbpedia.org/resource/Aim\u00e9e_Crocker"}]}, "http://dbpedia.org/resource/John_Silvanus_Wilson,_Jr.": {"http://dbpedia.org/ontology/spouse": [{"type": "uri", "value": "http://dbpedia.org/resource/Carol_Espy-Wilson"}]}, "http://dbpedia.org/resource/David_Stuart_(Virginia)": {"http://dbpedia.org/ontology/spouse": [{"type": "uri", "value": "http://dbpedia.org/resource/Eleanor_Calvert"}]}, "http://dbpedia.org/resource/Hemoprova_Saikia": {"http://dbpedia.org/ontology/spouse": [{"type": "uri", "value": "http://dbpedia.org/resource/Hiteswar_Saikia"}]}, "http://dbpedia.org/resource/Hans_Lohmeyer": {"http://dbpedia.org/ontology/spouse": [{"type": "uri", "value": "http://dbpedia.org/resource/Gerda_M\u00fcller"}]}, "http://dbpedia.org/resource/Johannes_Gijsbert_Vogel": {"http://dbpedia.org/ontology/spouse": [{"type": "uri", "value": "http://dbpedia.org/resource/Margaretha_Roosenboom"}]}, "http://dbpedia.org/resource/Susan_Weber_(historian)": {"http://dbpedia.org/ontology/spouse": [{"type": "uri", "value": "http://dbpedia.org/resource/George_Soros"}]}, "http://dbpedia.org/resource/Gil_Kofman": {"http://dbpedia.org/ontology/spouse": [{"type": "uri", "value": "http://dbpedia.org/resource/Amy_Ziering"}]}, "http://dbpedia.org/resource/Selahattin_P\u0131nar": {"http://dbpedia.org/ontology/spouse": [{"type": "uri", "value": "http://dbpedia.org/resource/Afife_Jale"}]}, "http://dbpedia.org/resource/Adryana_Cortez": {"http://dbpedia.org/ontology/spouse": [{"type": "uri", "value": "http://dbpedia.org/resource/Patrick_Courrielche"}]}, "http://dbpedia.org/resource/Count_Ostermann": {"http://dbpedia.org/ontology/spouse": [{"type": "uri", "value": "http://dbpedia.org/resource/Aim\u00e9e_Crocker"}]}, "http://dbpedia.org/resource/Max_D._Raiskin": {"http://dbpedia.org/ontology/spouse": [{"type": "uri", "value": "http://dbpedia.org/resource/Barbara_Elefant-Raiskin"}]}, "http://dbpedia.org/resource/Louis_Carr\u00e9_Hamersley": {"http://dbpedia.org/ontology/spouse": [{"type": "uri", "value": "http://dbpedia.org/resource/Lily_Spencer-Churchill,_Duchess_of_Marlborough"}]}, "http://dbpedia.org/resource/Marcial_Tagle": {"http://dbpedia.org/ontology/spouse": [{"type": "uri", "value": "http://dbpedia.org/resource/Luz_Valdivieso"}]}, "http://www.levylab.org": {"http://dbpedia.org/ontology/spouse": [{"type": "uri", "value": "http://dbpedia.org/resource/Chandralekha_Singh"}]}, "http://dbpedia.org/resource/Nirupa_Pujari": {"http://dbpedia.org/ontology/spouse": [{"type": "uri", "value": "http://dbpedia.org/resource/Amiya_Pujari"}]}, "http://dbpedia.org/resource/Gail_Sheehy": {"http://dbpedia.org/ontology/spouse": [{"type": "uri", "value": "http://dbpedia.org/resource/Clay_Felker"}]}, "http://dbpedia.org/resource/Cl\u00e9ment_Boulanger": {"http://dbpedia.org/ontology/spouse": [{"type": "uri", "value": "http://dbpedia.org/resource/Madame_Cav\u00e9"}]}, "http://dbpedia.org/resource/Bill_Camp": {"http://dbpedia.org/ontology/spouse": [{"type": "uri", "value": "http://dbpedia.org/resource/Elizabeth_Marvel"}]}, "http://dbpedia.org/resource/Anupam_Mittal": {"http://dbpedia.org/ontology/spouse": [{"type": "uri", "value": "http://dbpedia.org/resource/Aanchal_Kumar"}]}, "http://dbpedia.org/resource/Myeong-bin_Bak": {"http://dbpedia.org/ontology/spouse": [{"type": "uri", "value": "http://dbpedia.org/resource/Sukjong_of_Joseon"}]}, "http://dbpedia.org/resource/Josh_Kelley": {"http://dbpedia.org/ontology/spouse": [{"type": "uri", "value": "http://dbpedia.org/resource/Katherine_Heigl"}]}, "http://dbpedia.org/resource/Farida_Yasmin_(Journalist)": {"http://dbpedia.org/ontology/spouse": [{"type": "uri", "value": "http://dbpedia.org/resource/Naem_Nizam"}]}, "http://dbpedia.org/resource/Wilma_Webb": {"http://dbpedia.org/ontology/spouse": [{"type": "uri", "value": "http://dbpedia.org/resource/Wellington_Webb"}]}, "http://dbpedia.org/resource/Alvin_Wiederspahn": {"http://dbpedia.org/ontology/spouse": [{"type": "uri", "value": "http://dbpedia.org/resource/Cynthia_Lummis"}]}, "http://dbpedia.org/resource/Columbia,_South_Carolina": {"http://dbpedia.org/ontology/spouse": [{"type": "uri", "value": "http://dbpedia.org/resource/Theodorus_W._Brevard"}]}, "http://dbpedia.org/resource/Philip_Rubin": {"http://dbpedia.org/ontology/spouse": [{"type": "uri", "value": "http://dbpedia.org/resource/Joette_Katz"}]}, "http://dbpedia.org/resource/Anurag_solanki": {"http://dbpedia.org/ontology/spouse": [{"type": "uri", "value": "http://dbpedia.org/resource/Sneha_Wagh"}]}, "http://dbpedia.org/resource/Bobi_Ladawa_Mobutu": {"http://dbpedia.org/ontology/spouse": [{"type": "uri", "value": "http://dbpedia.org/resource/Mobutu_Sese_Seko"}]}, "http://dbpedia.org/resource/Margaret_Whiting_(actress)": {"http://dbpedia.org/ontology/spouse": [{"type": "uri", "value": "http://dbpedia.org/resource/Colin_Blakely"}]}, "http://dbpedia.org/resource/Claes-G\u00f6ran_Kjellander": {"http://dbpedia.org/ontology/spouse": [{"type": "uri", "value": "http://dbpedia.org/resource/Lena_Smedsaas"}]}, "http://dbpedia.org/resource/Carol_A._Morrow": {"http://dbpedia.org/ontology/spouse": [{"type": "uri", "value": "http://dbpedia.org/resource/Robert_Corruccini"}]}, "http://dbpedia.org/resource/Andrew_McAlpine": {"http://dbpedia.org/ontology/spouse": [{"type": "uri", "value": "http://dbpedia.org/resource/Gemma_Jackson"}]}, "http://dbpedia.org/resource/Carla_Sinclair": {"http://dbpedia.org/ontology/spouse": [{"type": "uri", "value": "http://dbpedia.org/resource/Mark_Frauenfelder"}]}, "http://dbpedia.org/resource/Karo_Alabyan": {"http://dbpedia.org/ontology/spouse": [{"type": "uri", "value": "http://dbpedia.org/resource/Lyudmila_Tselikovskaya"}]}, "http://dbpedia.org/resource/Ana_Barcan": {"http://dbpedia.org/ontology/spouse": [{"type": "uri", "value": "http://dbpedia.org/resource/Nestor_Ignat"}]}, "http://dbpedia.org/resource/Alexander_Shulgin": {"http://dbpedia.org/ontology/spouse": [{"type": "uri", "value": "http://dbpedia.org/resource/Ann_Shulgin"}]}, "http://dbpedia.org/resource/Dace_Seisuma": {"http://dbpedia.org/ontology/spouse": [{"type": "uri", "value": "http://dbpedia.org/resource/Andris_B\u0113rzi\u0146\u0161_(Latvian_President)"}]}, "http://dbpedia.org/resource/James_Matthews_(racing_driver)": {"http://dbpedia.org/ontology/spouse": [{"type": "uri", "value": "http://dbpedia.org/resource/Pippa_Middleton"}]}, "http://dbpedia.org/resource/Evdochia_of_Kiev": {"http://dbpedia.org/ontology/spouse": [{"type": "uri", "value": "http://dbpedia.org/resource/Stephen_III_of_Moldavia"}]}, "http://dbpedia.org/resource/Lucia_Wijbrants": {"http://dbpedia.org/ontology/spouse": [{"type": "uri", "value": "http://dbpedia.org/resource/Jan_Jacobszoon_Hinlopen"}]}, "http://dbpedia.org/resource/Wilhelm,_Prince_of_Hohenzollern": {"http://dbpedia.org/ontology/spouse": [{"type": "uri", "value": "http://dbpedia.org/resource/Princess_Maria_Teresa_of_Bourbon-Two_Sicilies_(1867\u20131909)"}]}, "http://dbpedia.org/resource/Francisco_Drake_del_Castillo": {"http://dbpedia.org/ontology/spouse": [{"type": "uri", "value": "http://dbpedia.org/resource/Ad\u00e8le_Dumil\u00e2tre"}]}, "http://dbpedia.org/resource/Juana_Rosa_Aguirre": {"http://dbpedia.org/ontology/spouse": [{"type": "uri", "value": "http://dbpedia.org/resource/Pedro_Aguirre_Cerda"}]}, "http://dbpedia.org/resource/Albert_S._Chase": {"http://dbpedia.org/ontology/spouse": [{"type": "uri", "value": "http://dbpedia.org/resource/Florence_Gilbert"}]}, "http://dbpedia.org/resource/Black_Bourton": {"http://dbpedia.org/ontology/spouse": [{"type": "uri", "value": "http://dbpedia.org/resource/John_Howson"}]}, "http://dbpedia.org/resource/Raja_Burhanuddin": {"http://dbpedia.org/ontology/spouse": [{"type": "uri", "value": "http://dbpedia.org/resource/Tengku_Zaleha"}]}, "http://dbpedia.org/resource/Cardiology": {"http://dbpedia.org/ontology/spouse": [{"type": "uri", "value": "http://dbpedia.org/resource/Andr\u00e1s_Roszt\u00f3czy"}]}, "http://dbpedia.org/resource/Ernest_Frederick_II,_Duke_of_Saxe-Hildburghausen": {"http://dbpedia.org/ontology/spouse": [{"type": "uri", "value": "http://dbpedia.org/resource/Countess_Caroline_of_Erbach-F\u00fcrstenau"}]}, "http://dbpedia.org/resource/Luise_Reuss_of_Schleiz": {"http://dbpedia.org/ontology/spouse": [{"type": "uri", "value": "http://dbpedia.org/resource/Prince_John_August_of_Saxe-Gotha-Altenburg"}]}, "http://dbpedia.org/resource/Anne_of_Denmark": {"http://dbpedia.org/ontology/spouse": [{"type": "uri", "value": "http://dbpedia.org/resource/James_VI_and_I"}]}, "http://dbpedia.org/resource/Leopold_III_of_Belgium": {"http://dbpedia.org/ontology/spouse": [{"type": "uri", "value": "http://dbpedia.org/resource/Lilian,_Princess_of_R\u00e9thy"}]}, "http://dbpedia.org/resource/Horacio_Molina": {"http://dbpedia.org/ontology/spouse": [{"type": "uri", "value": "http://dbpedia.org/resource/Chunchuna_Villafa\u00f1e"}]}, "http://dbpedia.org/resource/Assiniboine": {"http://dbpedia.org/ontology/spouse": [{"type": "uri", "value": "http://dbpedia.org/resource/Edwin_Thompson_Denig"}]}, "http://dbpedia.org/resource/Terence_Moody": {"http://dbpedia.org/ontology/spouse": [{"type": "uri", "value": "http://dbpedia.org/resource/Elizabeth_Moody_(actress)"}]}, "http://dbpedia.org/resource/Megha_Mittal": {"http://dbpedia.org/ontology/spouse": [{"type": "uri", "value": "http://dbpedia.org/resource/Aditya_Mittal"}]}, "http://dbpedia.org/resource/Joan_Vernon_Cryer": {"http://dbpedia.org/ontology/spouse": [{"type": "uri", "value": "http://dbpedia.org/resource/Wilfred_Fairclough"}]}, "http://dbpedia.org/resource/Puttanna_Kanagal": {"http://dbpedia.org/ontology/spouse": [{"type": "uri", "value": "http://dbpedia.org/resource/Aarathi"}]}, "http://dbpedia.org/resource/John_IV_of_Armagnac": {"http://dbpedia.org/ontology/spouse": [{"type": "uri", "value": "http://dbpedia.org/resource/Isabella_of_Navarre,_Countess_of_Armagnac"}]}, "http://dbpedia.org/resource/Banker": {"http://dbpedia.org/ontology/spouse": [{"type": "uri", "value": "http://dbpedia.org/resource/Vinay_Nadkarni"}]}, "http://dbpedia.org/resource/Lindsay_Peterson": {"http://dbpedia.org/ontology/spouse": [{"type": "uri", "value": "http://dbpedia.org/resource/List_of_Queer_as_Folk_characters"}]}, "http://dbpedia.org/resource/Shweta_Sen": {"http://dbpedia.org/ontology/spouse": [{"type": "uri", "value": "http://dbpedia.org/resource/Shekhar_Sen"}]}, "http://dbpedia.org/resource/Duchess_Helene_in_Bavaria": {"http://dbpedia.org/ontology/spouse": [{"type": "uri", "value": "http://dbpedia.org/resource/Maximilian_Anton,_Hereditary_Prince_of_Thurn_and_Taxis"}]}, "http://dbpedia.org/resource/Fatima_Dirie": {"http://dbpedia.org/ontology/spouse": [{"type": "uri", "value": "http://dbpedia.org/resource/Faaris_Adam"}]}, "http://dbpedia.org/resource/Tasia_Christodoulopoulou": {"http://dbpedia.org/ontology/spouse": [{"type": "uri", "value": "http://dbpedia.org/resource/Thodoris_Dritsas"}]}, "http://dbpedia.org/resource/Adina_Hoffman": {"http://dbpedia.org/ontology/spouse": [{"type": "uri", "value": "http://dbpedia.org/resource/Peter_Cole"}]}, "http://dbpedia.org/resource/Fani_Ayala": {"http://dbpedia.org/ontology/spouse": [{"type": "uri", "value": "http://dbpedia.org/resource/Juan_David_Restrepo"}]}, "http://dbpedia.org/resource/Leslie_Zammit": {"http://dbpedia.org/ontology/spouse": [{"type": "uri", "value": "http://dbpedia.org/resource/Olga_Zammitt"}]}, "http://dbpedia.org/resource/Ajay_Arora": {"http://dbpedia.org/ontology/spouse": [{"type": "uri", "value": "http://dbpedia.org/resource/Simone_Arora"}]}, "http://dbpedia.org/resource/Valentina_Kobe": {"http://dbpedia.org/ontology/spouse": [{"type": "uri", "value": "http://dbpedia.org/resource/Boris_Kobe"}]}, "http://dbpedia.org/resource/Kurt_DelBene": {"http://dbpedia.org/ontology/spouse": [{"type": "uri", "value": "http://dbpedia.org/resource/Suzan_DelBene"}]}, "http://dbpedia.org/resource/Rita_McBride": {"http://dbpedia.org/ontology/spouse": [{"type": "uri", "value": "http://dbpedia.org/resource/Glen_Rubsamen"}]}, "http://dbpedia.org/resource/Elizabeth_Hemings": {"http://dbpedia.org/ontology/spouse": [{"type": "uri", "value": "http://dbpedia.org/resource/John_Wayles"}]}, "http://dbpedia.org/resource/Sumra_bint_Jundab": {"http://dbpedia.org/ontology/spouse": [{"type": "uri", "value": "http://dbpedia.org/resource/Abdul-Muttalib"}]}, "http://dbpedia.org/resource/Christiane_Fredericka_of_Koss": {"http://dbpedia.org/ontology/spouse": [{"type": "uri", "value": "http://dbpedia.org/resource/Christian_Ernest_II,_Duke_of_Saxe-Coburg-Saalfeld"}]}, "http://dbpedia.org/resource/Klaus_Weber": {"http://dbpedia.org/ontology/spouse": [{"type": "uri", "value": "http://dbpedia.org/resource/Mary_Osborn"}]}, "http://dbpedia.org/resource/Kym_Johnson-Herjavec": {"http://dbpedia.org/ontology/spouse": [{"type": "uri", "value": "http://dbpedia.org/resource/Robert_Herjavec"}]}, "http://dbpedia.org/resource/M\u1ea1c_K\u00ednh_Cung": {"http://dbpedia.org/ontology/spouse": [{"type": "uri", "value": "http://dbpedia.org/resource/Nguy\u1ec5n_Th\u1ecb_Du\u1ec7"}]}, "http://dbpedia.org/resource/Jana_Andrsov\u00e1": {"http://dbpedia.org/ontology/spouse": [{"type": "uri", "value": "http://dbpedia.org/resource/Sa\u0161a_Ve\u010dtomov"}]}, "http://dbpedia.org/resource/Darpan": {"http://dbpedia.org/ontology/spouse": [{"type": "uri", "value": "http://dbpedia.org/resource/Nayyar_Sultana"}]}, "http://dbpedia.org/resource/Ross_Wilson_(musician)": {"http://dbpedia.org/ontology/spouse": [{"type": "uri", "value": "http://dbpedia.org/resource/Pat_Wilson"}]}, "http://dbpedia.org/resource/Theophano_Mouzalonissa": {"http://dbpedia.org/ontology/spouse": [{"type": "uri", "value": "http://dbpedia.org/resource/Oleg_I_of_Chernigov"}]}, "http://dbpedia.org/resource/Juris_Vi\u0146\u0137elis": {"http://dbpedia.org/ontology/spouse": [{"type": "uri", "value": "http://dbpedia.org/resource/Ilze_Vi\u0146\u0137ele"}]}, "http://dbpedia.org/resource/Ayal_Miodovnik": {"http://dbpedia.org/ontology/spouse": [{"type": "uri", "value": "http://dbpedia.org/resource/Rachel_York"}]}, "http://dbpedia.org/resource/Hanna_Zembrzuska": {"http://dbpedia.org/ontology/spouse": [{"type": "uri", "value": "http://dbpedia.org/resource/Jan_Kobuszewski_(actor)"}]}, "http://dbpedia.org/resource/Apulia": {"http://dbpedia.org/ontology/spouse": [{"type": "uri", "value": "http://dbpedia.org/resource/Vlatko_Hercegovi\u0107"}]}, "http://dbpedia.org/resource/Caroline_Rex": {"http://dbpedia.org/ontology/spouse": [{"type": "uri", "value": "http://dbpedia.org/resource/Thomas_Henry_Duthie"}]}, "http://dbpedia.org/resource/Otto_Haas": {"http://dbpedia.org/ontology/spouse": [{"type": "uri", "value": "http://dbpedia.org/resource/Phoebe_Waterman_Haas"}]}, "http://dbpedia.org/resource/Gabriela_Dawson": {"http://dbpedia.org/ontology/spouse": [{"type": "uri", "value": "http://dbpedia.org/resource/Matthew_Casey"}]}}