<?xml version="1.0" encoding="utf-8" ?><dwsync><file name="q00.txt" server="linuxserver2.cs.umbc.edu//misc/ftp/pub/WWW/courses/graduate/691/fall17/01/" local="3593393336" remote="3593393914" Dst="-1" /><file name="q01.txt.html" server="linuxserver2.cs.umbc.edu//misc/ftp/pub/WWW/courses/graduate/691/fall17/01/" local="3593392751" remote="3593393916" Dst="-1" /><file name="q07.txt" server="linuxserver2.cs.umbc.edu//misc/ftp/pub/WWW/courses/graduate/691/fall17/01/" local="3593393633" remote="3593393909" Dst="-1" /><file name="q09.txt" server="linuxserver2.cs.umbc.edu//misc/ftp/pub/WWW/courses/graduate/691/fall17/01/" local="3593393679" remote="3593393919" Dst="-1" /><file name="q11.txt.html" server="linuxserver2.cs.umbc.edu//misc/ftp/pub/WWW/courses/graduate/691/fall17/01/" local="3593392751" remote="3593393917" Dst="-1" /><file name="q12.txt.json" server="linuxserver2.cs.umbc.edu//misc/ftp/pub/WWW/courses/graduate/691/fall17/01/" local="3593392751" remote="3593393916" Dst="-1" /><file name="q06.txt.html" server="linuxserver2.cs.umbc.edu//misc/ftp/pub/WWW/courses/graduate/691/fall17/01/" local="3593392751" remote="3593393919" Dst="-1" /><file name="q09.txt.html" server="linuxserver2.cs.umbc.edu//misc/ftp/pub/WWW/courses/graduate/691/fall17/01/" local="3593392751" remote="3593393911" Dst="-1" /><file name="q11.txt" server="linuxserver2.cs.umbc.edu//misc/ftp/pub/WWW/courses/graduate/691/fall17/01/" local="3593393746" remote="3593393909" Dst="-1" /><file name="q00.txt.html" server="linuxserver2.cs.umbc.edu//misc/ftp/pub/WWW/courses/graduate/691/fall17/01/" local="3593393326" remote="3593393916" Dst="-1" /><file name="q08.txt" server="linuxserver2.cs.umbc.edu//misc/ftp/pub/WWW/courses/graduate/691/fall17/01/" local="3593393652" remote="3593393919" Dst="-1" /><file name="q06.txt" server="linuxserver2.cs.umbc.edu//misc/ftp/pub/WWW/courses/graduate/691/fall17/01/" local="3593393588" remote="3593393910" Dst="-1" /><file name="q10.txt.html" server="linuxserver2.cs.umbc.edu//misc/ftp/pub/WWW/courses/graduate/691/fall17/01/" local="3593392751" remote="3593393917" Dst="-1" /><file name="q01.txt" server="linuxserver2.cs.umbc.edu//misc/ftp/pub/WWW/courses/graduate/691/fall17/01/" local="3593393436" remote="3593393912" Dst="-1" /><file name="q10.txt" server="linuxserver2.cs.umbc.edu//misc/ftp/pub/WWW/courses/graduate/691/fall17/01/" local="3593393703" remote="3593393909" Dst="-1" /><file name="q08.txt.html" server="linuxserver2.cs.umbc.edu//misc/ftp/pub/WWW/courses/graduate/691/fall17/01/" local="3593392751" remote="3593393911" Dst="-1" /><file name="q07.txt.html" server="linuxserver2.cs.umbc.edu//misc/ftp/pub/WWW/courses/graduate/691/fall17/01/" local="3593392751" remote="3593393919" Dst="-1" /><file name="q04.txt.html" server="linuxserver2.cs.umbc.edu//misc/ftp/pub/WWW/courses/graduate/691/fall17/01/" local="3593392751" remote="3593393915" Dst="-1" /><file name=".DS_Store" server="linuxserver2.cs.umbc.edu//misc/ftp/pub/WWW/courses/graduate/691/fall17/01/" local="3582401818" remote="3593393912" Dst="-1" /><file name="q00.txt.json" server="linuxserver2.cs.umbc.edu//misc/ftp/pub/WWW/courses/graduate/691/fall17/01/" local="3593393326" remote="3593393916" Dst="-1" /><file name="q03.txt.html" server="linuxserver2.cs.umbc.edu//misc/ftp/pub/WWW/courses/graduate/691/fall17/01/" local="3593392751" remote="3593393913" Dst="-1" /><file name="q02.txt" server="linuxserver2.cs.umbc.edu//misc/ftp/pub/WWW/courses/graduate/691/fall17/01/" local="3593393457" remote="3593393912" Dst="-1" /><file name="sparql.py" server="linuxserver2.cs.umbc.edu//misc/ftp/pub/WWW/courses/graduate/691/fall17/01/" local="3593392751" remote="3593393909" Dst="-1" /><file name="q05.txt" server="linuxserver2.cs.umbc.edu//misc/ftp/pub/WWW/courses/graduate/691/fall17/01/" local="3593393567" remote="3593393909" Dst="-1" /><file name="q12.txt" server="linuxserver2.cs.umbc.edu//misc/ftp/pub/WWW/courses/graduate/691/fall17/01/" local="3593393798" remote="3593393911" Dst="-1" /><file name="q05.txt.html" server="linuxserver2.cs.umbc.edu//misc/ftp/pub/WWW/courses/graduate/691/fall17/01/" local="3593392751" remote="3593393915" Dst="-1" /><file name="q04.txt" server="linuxserver2.cs.umbc.edu//misc/ftp/pub/WWW/courses/graduate/691/fall17/01/" local="3593393522" remote="3593393909" Dst="-1" /><file name="q03.txt" server="linuxserver2.cs.umbc.edu//misc/ftp/pub/WWW/courses/graduate/691/fall17/01/" local="3593393495" remote="3593393912" Dst="-1" /><file name="q02.txt.html" server="linuxserver2.cs.umbc.edu//misc/ftp/pub/WWW/courses/graduate/691/fall17/01/" local="3593392751" remote="3593393913" Dst="-1" /><file name="q12.txt.html" server="linuxserver2.cs.umbc.edu//misc/ftp/pub/WWW/courses/graduate/691/fall17/01/" local="3593392751" remote="3593393915" Dst="-1" /><file name="q00a.txt.json" server="linuxserver2.cs.umbc.edu//misc/ftp/pub/WWW/courses/graduate/691/fall17/01/" local="3593392751" remote="3593393910" Dst="-1" /><file name="q07.txt.json" server="linuxserver2.cs.umbc.edu//misc/ftp/pub/WWW/courses/graduate/691/fall17/01/" local="3593392751" remote="3593393911" Dst="-1" /><file name="q06.txt.json" server="linuxserver2.cs.umbc.edu//misc/ftp/pub/WWW/courses/graduate/691/fall17/01/" local="3593392751" remote="3593393911" Dst="-1" /><file name="qex.txt" server="linuxserver2.cs.umbc.edu//misc/ftp/pub/WWW/courses/graduate/691/fall17/01/" local="3593392991" remote="3593393912" Dst="-1" /><file name="q10.txt.json" server="linuxserver2.cs.umbc.edu//misc/ftp/pub/WWW/courses/graduate/691/fall17/01/" local="3593392751" remote="3593393914" Dst="-1" /><file name="q11.txt.json" server="linuxserver2.cs.umbc.edu//misc/ftp/pub/WWW/courses/graduate/691/fall17/01/" local="3593392751" remote="3593393914" Dst="-1" /><file name="qex.txt.json" server="linuxserver2.cs.umbc.edu//misc/ftp/pub/WWW/courses/graduate/691/fall17/01/" local="3593394049" remote="3593394074" Dst="-1" /><file name="q01.txt.json" server="linuxserver2.cs.umbc.edu//misc/ftp/pub/WWW/courses/graduate/691/fall17/01/" local="3593392751" remote="3593393916" Dst="-1" /><file name="q04.txt.json" server="linuxserver2.cs.umbc.edu//misc/ftp/pub/WWW/courses/graduate/691/fall17/01/" local="3593392751" remote="3593393916" Dst="-1" /><file name="q05.txt.json" server="linuxserver2.cs.umbc.edu//misc/ftp/pub/WWW/courses/graduate/691/fall17/01/" local="3593392751" remote="3593393917" Dst="-1" /><file name="qex.txt.html" server="linuxserver2.cs.umbc.edu//misc/ftp/pub/WWW/courses/graduate/691/fall17/01/" local="3593394049" remote="3593394074" Dst="-1" /><file name="q03.txt.json" server="linuxserver2.cs.umbc.edu//misc/ftp/pub/WWW/courses/graduate/691/fall17/01/" local="3593392751" remote="3593393917" Dst="-1" /><file name="q02.txt.json" server="linuxserver2.cs.umbc.edu//misc/ftp/pub/WWW/courses/graduate/691/fall17/01/" local="3593392751" remote="3593393918" Dst="-1" /><file name="q00a.txt" server="linuxserver2.cs.umbc.edu//misc/ftp/pub/WWW/courses/graduate/691/fall17/01/" local="3593393416" remote="3593393918" Dst="-1" /><file name="q09.txt.json" server="linuxserver2.cs.umbc.edu//misc/ftp/pub/WWW/courses/graduate/691/fall17/01/" local="3593392751" remote="3593393918" Dst="-1" /><file name="q08.txt.json" server="linuxserver2.cs.umbc.edu//misc/ftp/pub/WWW/courses/graduate/691/fall17/01/" local="3593392751" remote="3593393918" Dst="-1" /><file name="q00a.txt.html" server="linuxserver2.cs.umbc.edu//misc/ftp/pub/WWW/courses/graduate/691/fall17/01/" local="3593392751" remote="3593393918" Dst="-1" /></dwsync>